Loan_ID,Age,Gender,Married,Dependents,Education,Self_Employed,ApplicantIncome,LoanAmount,Previous_Loan_Taken,Cibil_Score,Property_Area,Customer_Bandwith,Tenure,Loan_Status
LP001002,43,Male,No,3,Graduate,No,54005,334113,Yes,668,Urban,Good,43,No
LP001003,57,Male,Yes,2,Graduate,No,28817,736026,Yes,684,Rural,Good,13,Yes
LP001005,25,Male,Yes,3,Graduate,Yes,99939,712432,Yes,788,Urban,Good,10,No
LP001006,44,Male,Yes,1,Not Graduate,No,38470,267161,Yes,888,Urban,Good,9,No
LP001008,58,Male,No,1,Graduate,No,28991,402474,Yes,703,Urban,Good,11,No
LP001011,34,Male,Yes,0,Graduate,Yes,65843,243599,Yes,688,Urban,Good,34,No
LP001013,18,Male,Yes,4,Not Graduate,No,46598,212840,Yes,786,Urban,Good,19,No
LP001014,54,Male,Yes,1,Graduate,No,53213,368715,No,447,Semiurban,Bad,17,Yes
LP001018,43,Male,Yes,0,Graduate,No,74895,699918,Yes,605,Urban,Medium,18,No
LP001020,33,Male,Yes,0,Graduate,No,57348,347577,Yes,378,Semiurban,Bad,18,Yes
LP001024,34,Male,Yes,3,Graduate,No,25837,385127,Yes,761,Urban,Good,45,No
LP001027,25,Male,Yes,4,Graduate,,33603,867157,Yes,792,Urban,Good,35,No
LP001028,33,Male,Yes,1,Graduate,No,75192,661005,Yes,829,Urban,Good,11,No
LP001029,32,Male,No,4,Graduate,No,43208,309303,Yes,585,Rural,Medium,39,Yes
LP001030,46,Male,Yes,0,Graduate,No,89500,785884,Yes,859,Urban,Good,19,No
LP001032,40,Male,No,1,Graduate,No,54298,390135,Yes,855,Urban,Good,44,No
LP001034,59,Male,No,5,Not Graduate,No,67312,382271,No,811,Urban,Good,42,No
LP001036,45,Female,No,2,Graduate,No,27568,830422,No,659,Urban,Good,35,Yes
LP001038,46,Male,Yes,3,Not Graduate,No,64627,208847,Yes,427,Rural,Bad,25,Yes
LP001041,34,Male,Yes,1,Graduate,,62204,404009,Yes,699,Urban,Good,35,No
LP001043,39,Male,Yes,3,Not Graduate,No,57258,250356,No,658,Urban,Good,30,Yes
LP001046,30,Male,Yes,0,Graduate,No,87162,405614,Yes,840,Urban,Good,12,No
LP001047,36,Male,Yes,3,Not Graduate,No,82725,571498,No,569,Semiurban,Medium,7,Yes
LP001050,60,,Yes,1,Not Graduate,No,70320,342487,No,762,Rural,Good,14,Yes
LP001052,60,Male,Yes,2,Graduate,,52763,529654,No,482,Semiurban,Medium,46,Yes
LP001066,21,Male,Yes,0,Graduate,Yes,95485,280912,Yes,825,Semiurban,Good,19,No
LP001068,30,Male,Yes,1,Graduate,No,52035,434874,Yes,778,Semiurban,Good,11,No
LP001073,23,Male,Yes,5,Not Graduate,No,80886,690612,Yes,640,Urban,Medium,23,No
LP001086,26,Male,No,0,Not Graduate,No,32465,546959,Yes,651,Urban,Good,35,Yes
LP001087,52,Female,No,5,Graduate,,65753,320773,Yes,725,Semiurban,Good,39,No
LP001091,36,Male,Yes,4,Graduate,,79930,472511,No,305,Urban,Bad,19,Yes
LP001095,47,Male,No,4,Graduate,No,51729,632909,Yes,776,Urban,Good,8,Yes
LP001097,21,Male,No,0,Graduate,Yes,72294,876913,Yes,626,Rural,Medium,30,Yes
LP001098,59,Male,Yes,1,Graduate,No,68402,716371,Yes,767,Semiurban,Good,12,No
LP001100,36,Male,No,4,Graduate,No,61779,692704,Yes,466,Rural,Medium,45,Yes
LP001106,22,Male,Yes,5,Graduate,No,27763,100016,Yes,631,Urban,Medium,17,No
LP001109,39,Male,Yes,5,Graduate,No,44967,828930,No,564,Urban,Medium,7,Yes
LP001112,31,Female,Yes,0,Graduate,No,56576,222391,Yes,805,Semiurban,Good,42,No
LP001114,58,Male,No,4,Graduate,No,45518,200778,Yes,719,Urban,Good,17,No
LP001116,59,Male,No,3,Not Graduate,No,93968,664798,Yes,775,Semiurban,Good,5,No
LP001119,55,Male,No,2,Graduate,No,29707,978950,Yes,369,Urban,Bad,24,Yes
LP001120,27,Male,No,3,Graduate,No,49769,140006,Yes,736,Urban,Good,38,No
LP001123,51,Male,Yes,1,Graduate,No,21663,279391,No,678,Urban,Good,26,No
LP001131,30,Male,Yes,0,Graduate,No,34221,778315,Yes,792,Semiurban,Good,12,No
LP001136,18,Male,Yes,0,Not Graduate,Yes,40142,876406,Yes,827,Urban,Good,8,No
LP001137,24,Female,No,0,Graduate,No,44823,252269,Yes,609,Urban,Medium,18,No
LP001138,47,Male,Yes,0,Graduate,No,25586,352982,Yes,887,Urban,Good,22,No
LP001144,48,Male,Yes,3,Graduate,No,35657,910177,Yes,845,Urban,Good,15,No
LP001146,37,Female,Yes,4,Graduate,No,27086,670975,No,856,Urban,Good,34,Yes
LP001151,43,Female,No,3,Graduate,No,79709,908614,Yes,671,Semiurban,Good,27,No
LP001155,46,Female,Yes,4,Not Graduate,No,64631,187616,Yes,813,Semiurban,Good,11,No
LP001157,48,Female,No,4,Graduate,No,58171,453384,Yes,673,Semiurban,Good,22,No
LP001164,27,Female,No,0,Graduate,No,39469,848969,Yes,573,Semiurban,Medium,25,Yes
LP001179,26,Male,Yes,0,Graduate,No,85345,241098,Yes,793,Urban,Good,27,Yes
LP001186,21,Female,Yes,2,Graduate,Yes,62246,338356,No,395,Urban,Bad,27,Yes
LP001194,35,Male,Yes,1,Graduate,No,97237,237776,Yes,659,Semiurban,Good,35,No
LP001195,23,Male,Yes,3,Graduate,No,61485,216437,Yes,613,Semiurban,Medium,42,No
LP001197,54,Male,Yes,1,Graduate,No,79427,971115,Yes,449,Rural,Bad,31,Yes
LP001198,55,Male,Yes,3,Graduate,No,60289,309901,Yes,789,Urban,Good,37,No
LP001199,34,Male,Yes,2,Not Graduate,No,72736,571986,Yes,604,Urban,Medium,23,No
LP001205,23,Male,Yes,1,Graduate,No,40436,541294,Yes,807,Urban,Good,31,No
LP001206,59,Male,Yes,5,Graduate,No,85129,824607,Yes,775,Urban,Good,36,No
LP001207,23,Male,Yes,3,Not Graduate,Yes,86320,288171,No,543,Rural,Medium,13,Yes
LP001213,18,Male,Yes,0,Graduate,No,82543,573013,No,506,Rural,Medium,34,Yes
LP001222,32,Female,No,1,Graduate,No,80965,546895,No,789,Semiurban,Good,42,Yes
LP001225,40,Male,Yes,3,Graduate,No,54877,401013,Yes,403,Semiurban,Bad,46,Yes
LP001228,42,Male,No,2,Not Graduate,No,28791,419869,No,500,Urban,Medium,40,Yes
LP001233,18,Male,Yes,4,Graduate,No,28070,676452,Yes,650,Urban,Medium,30,No
LP001238,49,Male,Yes,0,Not Graduate,Yes,72078,809900,Yes,771,Urban,Good,9,No
LP001241,30,Female,No,1,Graduate,No,77987,843472,No,856,Semiurban,Good,42,Yes
LP001243,53,Male,Yes,3,Graduate,No,83980,972898,Yes,894,Urban,Good,13,No
LP001245,59,Male,Yes,0,Not Graduate,Yes,51146,867511,Yes,643,Semiurban,Medium,35,No
LP001248,37,Male,No,5,Graduate,No,95994,575424,Yes,765,Semiurban,Good,10,No
LP001250,45,Male,Yes,3,Not Graduate,No,65416,505665,No,359,Semiurban,Bad,30,Yes
LP001253,43,Male,Yes,4,Graduate,Yes,36462,429294,Yes,697,Semiurban,Good,15,No
LP001255,59,Male,No,3,Graduate,No,42307,119692,Yes,655,Urban,Good,31,Yes
LP001256,53,Male,No,2,Graduate,No,62983,553158,Yes,377,Urban,Bad,30,Yes
LP001259,30,Male,Yes,5,Graduate,Yes,28888,775217,Yes,497,Urban,Medium,48,Yes
LP001263,59,Male,Yes,0,Graduate,No,80222,634374,No,541,Semiurban,Medium,9,Yes
LP001264,39,Male,Yes,3,Not Graduate,Yes,32088,189322,No,677,Semiurban,Good,40,No
LP001265,57,Female,No,0,Graduate,No,83264,886877,Yes,843,Semiurban,Good,32,No
LP001266,50,Male,Yes,3,Graduate,Yes,30044,596365,Yes,682,Semiurban,Good,8,No
LP001267,41,Female,Yes,4,Graduate,No,95313,805449,Yes,307,Urban,Bad,23,Yes
LP001273,49,Male,Yes,1,Graduate,No,61304,751961,No,698,Semiurban,Good,22,Yes
LP001275,34,Male,Yes,3,Graduate,No,42833,303578,Yes,833,Urban,Good,18,No
LP001279,58,Male,No,0,Graduate,No,45800,261590,Yes,757,Semiurban,Good,38,No
LP001280,55,Male,Yes,3,Not Graduate,No,60188,365392,No,654,Semiurban,Good,5,No
LP001282,41,Male,Yes,1,Graduate,No,92471,687347,Yes,847,Semiurban,Good,16,No
LP001289,26,Male,No,5,Graduate,No,97501,130155,Yes,707,Urban,Good,9,No
LP001310,37,Male,Yes,1,Graduate,No,28064,429541,Yes,832,Semiurban,Good,48,No
LP001316,40,Male,Yes,0,Graduate,No,65346,743478,Yes,854,Semiurban,Good,27,No
LP001318,26,Male,Yes,4,Graduate,No,29305,803216,Yes,657,Semiurban,Good,10,No
LP001319,59,Male,Yes,4,Not Graduate,No,34846,863280,Yes,774,Urban,Good,45,No
LP001322,47,Male,No,0,Graduate,No,53632,388855,Yes,757,Semiurban,Good,40,No
LP001325,29,Male,No,5,Not Graduate,No,50201,408649,Yes,842,Semiurban,Good,47,No
LP001326,48,Male,No,5,Graduate,,85429,361530,No,374,Urban,Bad,5,Yes
LP001327,19,Female,Yes,0,Graduate,No,70904,756042,Yes,601,Semiurban,Medium,17,No
LP001333,35,Male,Yes,5,Graduate,No,84822,666931,Yes,605,Semiurban,Medium,24,No
LP001334,33,Male,Yes,1,Not Graduate,No,63519,788684,Yes,862,Semiurban,Good,12,No
LP001343,22,Male,Yes,3,Graduate,No,71779,430355,Yes,700,Semiurban,Good,14,No
LP001345,22,Male,Yes,4,Not Graduate,No,40032,541282,Yes,809,Urban,Good,20,No
LP001349,37,Male,No,5,Graduate,No,99620,766581,Yes,711,Semiurban,Good,21,No
LP001350,32,Male,Yes,0,Graduate,No,54215,489480,Yes,757,Urban,Good,38,No
LP001356,37,Male,Yes,0,Graduate,No,59567,875187,Yes,898,Semiurban,Good,19,No
LP001357,41,Male,,3,Graduate,No,60629,525359,Yes,695,Urban,Good,10,No
LP001367,26,Male,Yes,1,Graduate,No,23570,685158,Yes,659,Urban,Good,42,No
LP001369,43,Male,Yes,1,Graduate,No,93365,247982,Yes,688,Urban,Good,41,No
LP001370,18,Male,No,0,Not Graduate,,93879,544738,Yes,865,Rural,Good,10,Yes
LP001379,37,Male,Yes,1,Graduate,No,89920,324096,No,640,Urban,Medium,23,Yes
LP001384,37,Male,Yes,0,Not Graduate,No,53479,354901,Yes,715,Semiurban,Good,17,No
LP001385,47,Male,No,1,Graduate,No,90003,939666,Yes,728,Urban,Good,18,No
LP001387,59,Female,Yes,4,Graduate,,81519,345203,Yes,898,Semiurban,Good,48,No
LP001391,56,Male,Yes,1,Not Graduate,No,75161,434400,No,651,Rural,Good,33,Yes
LP001392,28,Female,No,5,Graduate,Yes,87225,358695,Yes,764,Semiurban,Good,36,No
LP001398,48,Male,No,5,Graduate,,23750,952275,Yes,600,Semiurban,Medium,31,No
LP001401,28,Male,Yes,2,Graduate,No,40533,566336,Yes,812,Rural,Good,11,No
LP001404,43,Female,Yes,1,Graduate,No,34859,246072,Yes,712,Semiurban,Good,17,No
LP001405,47,Male,Yes,3,Graduate,No,84149,774657,No,639,Urban,Medium,14,No
LP001421,29,Male,Yes,5,Graduate,No,57596,760385,Yes,818,Rural,Good,17,Yes
LP001422,19,Female,No,4,Graduate,No,35565,816152,Yes,717,Urban,Good,32,No
LP001426,21,Male,Yes,0,Graduate,No,21573,385188,Yes,795,Rural,Good,46,No
LP001430,25,Female,No,3,Graduate,No,84566,492349,Yes,793,Semiurban,Good,38,No
LP001431,31,Female,No,1,Graduate,No,78657,269017,No,796,Semiurban,Good,30,No
LP001432,43,Male,Yes,1,Graduate,No,53087,190046,Yes,653,Semiurban,Good,9,No
LP001439,54,Male,Yes,2,Not Graduate,No,32055,397363,Yes,821,Rural,Good,37,No
LP001443,55,Female,No,3,Graduate,No,30661,652331,No,829,Rural,Good,20,No
LP001448,33,,Yes,3,Graduate,No,71059,514891,Yes,647,Rural,Medium,9,No
LP001449,20,Male,No,5,Graduate,No,52240,326241,Yes,652,Rural,Good,42,No
LP001451,22,Male,Yes,1,Graduate,Yes,99847,248270,No,618,Urban,Medium,41,Yes
LP001465,33,Male,Yes,2,Graduate,No,53720,598603,No,555,Rural,Medium,14,Yes
LP001469,18,Male,No,3,Graduate,Yes,77783,183770,No,801,Urban,Good,15,No
LP001473,45,Male,No,5,Graduate,No,57162,260844,Yes,708,Urban,Good,6,No
LP001478,56,Male,No,2,Graduate,No,92455,673093,Yes,888,Semiurban,Good,36,No
LP001482,60,Male,Yes,0,Graduate,Yes,75853,376895,Yes,667,Semiurban,Good,5,No
LP001487,28,Male,No,5,Graduate,No,79358,258088,Yes,626,Semiurban,Medium,47,No
LP001488,21,Male,Yes,1,Graduate,No,26973,597199,Yes,708,Semiurban,Good,42,Yes
LP001489,46,Female,Yes,2,Graduate,No,64391,649305,Yes,612,Rural,Medium,39,Yes
LP001491,54,Male,Yes,2,Graduate,Yes,77458,923087,Yes,677,Urban,Good,46,No
LP001492,59,Male,No,4,Graduate,No,37350,831729,No,589,Semiurban,Medium,46,Yes
LP001493,23,Male,Yes,5,Not Graduate,No,20389,504152,Yes,605,Rural,Medium,5,Yes
LP001497,55,Male,Yes,1,Graduate,No,45019,913070,Yes,684,Rural,Good,42,Yes
LP001498,30,Male,No,5,Graduate,No,42032,691095,Yes,807,Urban,Good,10,No
LP001504,35,Male,No,5,Graduate,Yes,52983,232311,Yes,716,Semiurban,Good,43,No
LP001507,52,Male,Yes,2,Graduate,No,54231,170898,Yes,643,Semiurban,Medium,29,No
LP001508,26,Male,Yes,4,Graduate,No,78898,821062,Yes,697,Urban,Good,16,No
LP001514,19,Female,Yes,1,Graduate,No,79472,478669,Yes,882,Semiurban,Good,13,No
LP001516,28,Female,Yes,2,Graduate,No,64325,570680,Yes,832,Urban,Good,42,No
LP001518,37,Male,Yes,2,Graduate,No,72727,144228,Yes,702,Urban,Good,34,No
LP001519,21,Female,No,1,Graduate,No,65875,309667,Yes,450,Rural,Bad,20,Yes
LP001520,32,Male,Yes,4,Graduate,No,30274,448033,Yes,895,Semiurban,Good,7,No
LP001528,44,Male,No,1,Graduate,No,73626,781523,No,437,Rural,Bad,26,Yes
LP001529,42,Male,Yes,1,Graduate,Yes,68117,321042,Yes,820,Rural,Good,37,No
LP001531,44,Male,No,0,Graduate,No,26407,763135,Yes,521,Urban,Medium,33,Yes
LP001532,43,Male,Yes,1,Not Graduate,No,69377,139110,Yes,517,Rural,Medium,5,Yes
LP001535,42,Male,No,2,Graduate,No,40403,368453,Yes,832,Urban,Good,15,No
LP001536,24,Male,Yes,5,Graduate,No,84974,764458,No,876,Semiurban,Good,23,No
LP001541,43,Male,Yes,1,Graduate,No,78120,318682,No,673,Rural,Good,46,No
LP001543,46,Male,Yes,1,Graduate,No,92675,994651,Yes,705,Urban,Good,41,No
LP001546,46,Male,No,0,Graduate,,75349,814093,Yes,615,Rural,Medium,6,No
LP001552,28,Male,Yes,5,Graduate,No,94482,140080,Yes,808,Semiurban,Good,23,No
LP001560,48,Male,Yes,4,Not Graduate,No,83433,407358,Yes,855,Semiurban,Good,20,No
LP001562,42,Male,Yes,1,Graduate,No,95132,797378,Yes,304,Urban,Bad,29,Yes
LP001565,34,Male,Yes,5,Graduate,No,56953,277697,No,402,Semiurban,Bad,28,Yes
LP001570,21,Male,Yes,1,Graduate,No,24374,916054,Yes,806,Rural,Good,15,No
LP001572,39,Male,Yes,3,Graduate,No,23212,170303,Yes,727,Urban,Good,18,No
LP001574,60,Male,Yes,3,Graduate,No,40011,200143,Yes,799,Rural,Good,40,No
LP001577,39,Female,Yes,2,Graduate,No,95203,360367,Yes,683,Rural,Good,34,Yes
LP001578,39,Male,Yes,0,Graduate,No,35677,618208,Yes,625,Rural,Medium,9,No
LP001579,34,Male,No,4,Graduate,No,35535,555247,No,596,Semiurban,Medium,44,Yes
LP001580,50,Male,Yes,2,Graduate,No,91015,159300,Yes,831,Semiurban,Good,34,No
LP001581,57,Male,Yes,0,Not Graduate,,33400,531087,Yes,706,Rural,Good,22,No
LP001585,48,,Yes,0,Graduate,No,40470,136045,Yes,689,Urban,Good,34,No
LP001586,27,Male,Yes,2,Not Graduate,No,36343,545416,Yes,447,Rural,Bad,33,Yes
LP001594,33,Male,Yes,1,Graduate,No,50029,945115,Yes,787,Semiurban,Good,8,No
LP001603,58,Male,Yes,0,Not Graduate,Yes,37349,542361,Yes,679,Semiurban,Good,20,Yes
LP001606,27,Male,Yes,3,Graduate,No,27792,123660,Yes,624,Rural,Medium,33,No
LP001608,42,Male,Yes,3,Graduate,No,67477,294878,Yes,896,Rural,Good,29,No
LP001610,42,Male,Yes,1,Graduate,No,70314,662273,No,714,Semiurban,Good,28,Yes
LP001616,54,Male,Yes,5,Graduate,No,83638,823198,Yes,758,Semiurban,Good,41,No
LP001630,47,Male,No,5,Not Graduate,No,50024,167520,No,677,Urban,Good,33,Yes
LP001633,56,Male,Yes,4,Graduate,No,68520,213996,No,486,Urban,Medium,26,Yes
LP001634,56,Male,No,2,Graduate,No,92358,282090,No,445,Rural,Bad,13,Yes
LP001636,45,Male,Yes,1,Graduate,No,43740,261552,Yes,798,Semiurban,Good,48,No
LP001637,18,Male,Yes,4,Graduate,No,31004,602557,Yes,815,Semiurban,Good,35,Yes
LP001639,19,Female,Yes,2,Graduate,No,22309,486080,Yes,845,Semiurban,Good,21,No
LP001640,40,Male,Yes,4,Graduate,Yes,92653,580054,Yes,684,Semiurban,Good,39,No
LP001641,59,Male,Yes,3,Graduate,Yes,24577,863187,No,643,Rural,Medium,13,Yes
LP001643,38,Male,Yes,2,Graduate,No,96319,425289,No,723,Rural,Good,32,No
LP001644,36,,Yes,3,Graduate,Yes,31972,996531,Yes,614,Rural,Medium,46,No
LP001647,52,Male,Yes,4,Graduate,No,95823,822369,Yes,670,Rural,Good,32,No
LP001653,22,Male,No,5,Not Graduate,No,33185,514412,Yes,688,Rural,Good,32,No
LP001656,29,Male,No,3,Graduate,No,93303,181422,Yes,892,Semiurban,Good,11,Yes
LP001657,60,Male,Yes,1,Not Graduate,No,96635,526074,Yes,377,Urban,Bad,15,Yes
LP001658,54,Male,No,4,Graduate,No,73520,771847,Yes,739,Semiurban,Good,14,No
LP001664,20,Male,No,1,Graduate,No,69022,859921,Yes,889,Rural,Good,12,No
LP001665,59,Male,Yes,0,Graduate,No,81062,463394,Yes,306,Semiurban,Bad,12,Yes
LP001666,22,Male,No,0,Graduate,No,64067,919753,Yes,874,Rural,Good,45,No
LP001669,19,Female,No,1,Not Graduate,No,70748,464160,Yes,630,Urban,Medium,5,No
LP001671,26,Female,Yes,3,Graduate,No,83365,675415,No,800,Semiurban,Good,26,No
LP001673,40,Male,No,4,Graduate,Yes,41025,259954,Yes,854,Urban,Good,35,Yes
LP001674,51,Male,Yes,2,Not Graduate,No,86669,353414,Yes,889,Semiurban,Good,22,No
LP001677,52,Male,No,4,Graduate,No,44573,509399,No,615,Semiurban,Medium,47,No
LP001682,42,Male,Yes,1,Not Graduate,No,58013,588668,Yes,353,Urban,Bad,32,Yes
LP001688,45,Male,Yes,2,Not Graduate,No,37057,940894,Yes,849,Urban,Good,7,No
LP001691,41,Male,Yes,5,Not Graduate,No,98216,402828,Yes,847,Semiurban,Good,43,No
LP001692,29,Female,No,3,Not Graduate,No,75269,869687,Yes,797,Semiurban,Good,7,No
LP001693,41,Female,No,4,Graduate,No,61706,612829,Yes,882,Urban,Good,31,No
LP001698,41,Male,No,4,Not Graduate,No,85763,317355,Yes,649,Rural,Medium,11,No
LP001699,59,Male,No,1,Graduate,No,48986,859259,Yes,625,Urban,Medium,43,No
LP001702,39,Male,No,0,Graduate,No,50411,727740,Yes,314,Semiurban,Bad,18,Yes
LP001708,32,Female,No,4,Graduate,No,39590,553975,Yes,374,Semiurban,Bad,45,Yes
LP001711,19,Male,Yes,5,Graduate,No,68195,991859,No,660,Semiurban,Good,41,Yes
LP001713,56,Male,Yes,0,Graduate,Yes,79070,525512,Yes,667,Urban,Good,41,No
LP001715,60,Male,Yes,5,Not Graduate,Yes,71079,706518,Yes,843,Rural,Good,45,No
LP001716,40,Male,Yes,3,Graduate,No,42435,508829,Yes,709,Urban,Good,46,No
LP001720,37,Male,Yes,1,Not Graduate,No,83835,225619,Yes,755,Semiurban,Good,39,No
LP001722,38,Male,Yes,5,Graduate,No,46061,176733,Yes,830,Rural,Good,33,Yes
LP001726,43,Male,Yes,2,Graduate,No,99798,758334,Yes,635,Semiurban,Medium,46,No
LP001732,35,Male,Yes,1,Graduate,,62925,228835,No,479,Semiurban,Medium,31,Yes
LP001734,31,Female,Yes,3,Graduate,No,97810,650994,No,830,Semiurban,Good,15,No
LP001736,21,Male,Yes,0,Graduate,No,50897,554149,No,433,Urban,Bad,37,Yes
LP001743,52,Male,Yes,2,Graduate,No,27725,750834,Yes,862,Semiurban,Good,42,No
LP001744,28,Male,No,0,Graduate,No,50984,391829,Yes,631,Semiurban,Medium,44,No
LP001749,37,Male,Yes,2,Graduate,No,52260,269670,Yes,600,Semiurban,Medium,27,No
LP001750,18,Male,Yes,5,Graduate,No,48499,499501,Yes,778,Semiurban,Good,25,No
LP001751,32,Male,Yes,5,Graduate,No,51537,177991,Yes,888,Rural,Good,31,Yes
LP001754,37,Male,Yes,4,Not Graduate,Yes,98590,360401,Yes,694,Urban,Good,34,Yes
LP001758,55,Male,Yes,5,Graduate,No,29672,645927,Yes,638,Semiurban,Medium,8,No
LP001760,52,Male,,2,Graduate,No,41686,872220,Yes,669,Semiurban,Good,39,No
LP001761,55,Male,No,2,Graduate,Yes,53320,317771,Yes,775,Rural,Good,39,No
LP001765,35,Male,Yes,1,Graduate,No,47658,998428,Yes,872,Semiurban,Good,5,No
LP001768,38,Male,Yes,2,Graduate,,59072,852619,Yes,662,Rural,Good,13,No
LP001770,56,Male,No,0,Not Graduate,No,77431,922145,Yes,697,Rural,Good,22,No
LP001776,51,Female,No,4,Graduate,No,69968,942510,Yes,764,Semiurban,Good,8,No
LP001778,42,Male,Yes,3,Graduate,No,73323,264372,Yes,702,Semiurban,Good,35,No
LP001784,34,Male,Yes,5,Graduate,No,34006,233732,Yes,755,Rural,Good,36,No
LP001786,55,Male,Yes,2,Graduate,,70164,540818,No,615,Urban,Medium,9,Yes
LP001788,29,Female,No,3,Graduate,Yes,51201,403261,No,634,Urban,Medium,5,No
LP001790,53,Female,No,1,Graduate,No,93845,698617,Yes,893,Rural,Good,29,No
LP001792,43,Male,Yes,1,Graduate,No,27464,516481,Yes,781,Semiurban,Good,34,No
LP001798,57,Male,Yes,1,Graduate,No,40743,999511,Yes,635,Rural,Medium,44,No
LP001800,34,Male,Yes,4,Not Graduate,No,61675,903404,Yes,594,Urban,Medium,9,Yes
LP001806,51,Male,No,1,Graduate,No,50253,658203,Yes,643,Urban,Medium,28,No
LP001807,57,Male,Yes,1,Graduate,Yes,55693,293962,Yes,809,Rural,Good,20,No
LP001811,30,Male,Yes,0,Not Graduate,No,87892,198763,Yes,837,Semiurban,Good,7,No
LP001813,59,Male,No,3,Graduate,Yes,48805,266267,Yes,546,Urban,Medium,30,Yes
LP001814,60,Male,Yes,0,Graduate,No,75984,171338,Yes,892,Urban,Good,44,No
LP001819,26,Male,Yes,4,Not Graduate,No,79337,688747,Yes,897,Urban,Good,16,No
LP001824,27,Male,Yes,5,Graduate,No,62209,623877,Yes,863,Semiurban,Good,29,No
LP001825,35,Male,Yes,0,Graduate,No,35179,921426,Yes,841,Urban,Good,18,No
LP001835,60,Male,Yes,5,Not Graduate,No,35409,104000,No,411,Semiurban,Bad,20,Yes
LP001836,45,Female,No,4,Graduate,No,54228,981482,Yes,303,Urban,Bad,35,Yes
LP001841,52,Male,No,3,Not Graduate,Yes,89567,193351,Yes,634,Rural,Medium,17,No
LP001843,39,Male,Yes,4,Not Graduate,No,31079,858027,Yes,606,Semiurban,Medium,40,No
LP001844,47,Male,No,4,Graduate,Yes,69656,210200,No,755,Urban,Good,28,Yes
LP001846,33,Female,No,2,Graduate,No,43561,894039,Yes,753,Rural,Good,23,No
LP001849,25,Male,No,0,Not Graduate,No,67516,273290,No,488,Rural,Medium,32,Yes
LP001854,57,Male,Yes,5,Graduate,No,76942,597332,Yes,797,Urban,Good,36,Yes
LP001859,23,Male,Yes,2,Graduate,No,73665,481781,Yes,510,Rural,Medium,46,Yes
LP001864,35,Male,Yes,4,Not Graduate,No,40902,384805,No,635,Semiurban,Medium,41,Yes
LP001865,28,Male,Yes,5,Graduate,No,27802,841288,Yes,880,Urban,Good,11,No
LP001868,26,Male,No,1,Graduate,No,22887,308026,Yes,614,Semiurban,Medium,8,No
LP001870,45,Female,No,2,Graduate,No,85904,567947,Yes,471,Semiurban,Medium,48,Yes
LP001871,44,Female,No,4,Graduate,No,56390,429994,Yes,818,Rural,Good,43,No
LP001872,40,Male,No,4,Graduate,Yes,83891,918428,Yes,882,Semiurban,Good,7,No
LP001875,60,Male,No,3,Graduate,No,84482,524704,Yes,703,Rural,Good,44,No
LP001877,39,Male,Yes,4,Graduate,No,71933,135635,Yes,707,Semiurban,Good,33,No
LP001882,51,Male,Yes,0,Graduate,No,63114,363185,No,733,Urban,Good,47,No
LP001883,56,Female,No,0,Graduate,,67154,576769,Yes,779,Rural,Good,19,Yes
LP001884,22,Female,No,3,Graduate,No,57339,698682,Yes,854,Urban,Good,28,No
LP001888,23,Female,No,4,Graduate,No,78044,212675,Yes,866,Urban,Good,27,No
LP001891,26,Male,Yes,2,Graduate,No,64208,395196,Yes,842,Urban,Good,23,No
LP001892,54,Male,No,0,Graduate,No,30256,238059,Yes,707,Rural,Good,38,No
LP001894,59,Male,Yes,5,Graduate,No,44530,471558,Yes,646,Semiurban,Medium,14,No
LP001896,50,Male,Yes,5,Graduate,No,81740,328896,Yes,884,Semiurban,Good,13,No
LP001900,31,Male,Yes,4,Graduate,No,94569,814275,Yes,721,Semiurban,Good,16,No
LP001903,51,Male,Yes,5,Graduate,No,26497,883784,Yes,866,Semiurban,Good,20,No
LP001904,55,Male,Yes,3,Graduate,No,78403,426335,Yes,710,Urban,Good,11,No
LP001907,18,Male,Yes,3,Graduate,No,91744,228801,Yes,770,Semiurban,Good,14,No
LP001908,43,Female,Yes,2,Not Graduate,No,56736,968387,Yes,667,Rural,Good,41,No
LP001910,43,Male,No,3,Not Graduate,Yes,26396,877983,No,335,Urban,Bad,48,Yes
LP001914,35,Male,Yes,4,Graduate,No,73204,564336,Yes,677,Semiurban,Good,43,No
LP001915,32,Male,Yes,3,Graduate,No,53881,972116,Yes,875,Urban,Good,30,No
LP001917,32,Female,No,1,Graduate,No,27479,376309,Yes,669,Urban,Good,10,No
LP001922,48,Male,Yes,2,Graduate,No,76921,615557,Yes,669,Rural,Good,6,Yes
LP001924,31,Male,No,4,Graduate,No,34468,704049,Yes,808,Rural,Good,34,No
LP001925,19,Female,No,5,Graduate,Yes,33538,428581,Yes,398,Semiurban,Bad,18,Yes
LP001926,21,Male,Yes,3,Graduate,No,93572,918737,Yes,642,Rural,Medium,46,No
LP001931,39,Female,No,4,Graduate,No,81735,831532,Yes,764,Semiurban,Good,8,No
LP001935,32,Male,No,0,Graduate,No,27368,801648,Yes,665,Rural,Good,11,No
LP001936,36,Male,Yes,3,Graduate,No,68067,346475,Yes,671,Rural,Good,16,No
LP001938,18,Male,Yes,2,Graduate,No,88817,772092,No,326,Semiurban,Bad,47,Yes
LP001940,53,Male,Yes,0,Graduate,No,32434,994669,Yes,883,Urban,Good,37,No
LP001945,25,Female,No,5,Graduate,No,67574,735540,No,665,Urban,Good,30,Yes
LP001947,49,Male,Yes,5,Graduate,No,67545,838506,Yes,641,Semiurban,Medium,15,No
LP001949,27,Male,Yes,1,Graduate,,27887,953001,Yes,859,Urban,Good,14,No
LP001953,46,Male,Yes,1,Graduate,No,88655,660093,Yes,730,Semiurban,Good,26,No
LP001954,28,Female,Yes,4,Graduate,No,23613,146881,Yes,742,Urban,Good,48,No
LP001955,44,Female,No,0,Graduate,No,89029,124784,Yes,881,Rural,Good,21,Yes
LP001963,30,Male,Yes,5,Graduate,No,41062,399088,Yes,416,Urban,Bad,30,Yes
LP001964,55,Male,Yes,3,Not Graduate,No,85756,837981,No,809,Urban,Good,21,Yes
LP001972,47,Male,Yes,4,Not Graduate,No,53247,655146,Yes,786,Semiurban,Good,16,No
LP001974,21,Female,No,4,Graduate,No,89881,957816,Yes,659,Rural,Good,8,No
LP001977,48,Male,Yes,5,Graduate,No,61191,141657,Yes,684,Urban,Good,16,No
LP001978,39,Male,No,5,Graduate,No,57015,962671,Yes,851,Rural,Good,46,No
LP001990,46,Male,No,0,Not Graduate,No,44200,892619,Yes,689,Urban,Good,36,Yes
LP001993,49,Female,No,0,Graduate,No,77528,897072,Yes,637,Rural,Medium,42,No
LP001994,38,Female,No,0,Graduate,No,91646,952036,No,839,Urban,Good,42,Yes
LP001996,41,Male,No,1,Graduate,No,80636,464978,Yes,790,Rural,Good,43,Yes
LP001998,50,Male,Yes,5,Not Graduate,No,31431,338641,Yes,899,Rural,Good,15,No
LP002002,21,Female,No,4,Graduate,No,79394,961087,Yes,665,Semiurban,Good,41,No
LP002004,54,Male,No,2,Not Graduate,No,57314,719415,Yes,713,Semiurban,Good,29,No
LP002006,28,Female,No,1,Graduate,No,61827,361761,Yes,634,Rural,Medium,33,No
LP002008,43,Male,Yes,4,Graduate,Yes,71929,225043,Yes,736,Rural,Good,37,No
LP002024,50,,Yes,5,Graduate,No,83795,935889,Yes,387,Rural,Bad,38,Yes
LP002031,27,Male,Yes,4,Not Graduate,No,55040,537000,Yes,803,Urban,Good,14,No
LP002035,52,Male,Yes,2,Graduate,No,74793,424293,Yes,860,Semiurban,Good,19,No
LP002036,45,Male,Yes,4,Graduate,No,49175,578833,Yes,611,Urban,Medium,36,No
LP002043,58,Female,No,5,Graduate,No,22157,860773,Yes,864,Semiurban,Good,17,No
LP002050,58,Male,Yes,2,Graduate,Yes,42844,256485,Yes,863,Rural,Good,30,Yes
LP002051,22,Male,Yes,0,Graduate,No,46501,126738,Yes,831,Semiurban,Good,6,No
LP002053,34,Male,Yes,1,Graduate,No,34931,859087,Yes,708,Semiurban,Good,29,No
LP002054,38,Male,Yes,2,Not Graduate,No,26959,778666,Yes,865,Rural,Good,45,No
LP002055,31,Female,No,5,Graduate,No,87255,251231,Yes,610,Rural,Medium,7,No
LP002065,23,Male,Yes,5,Graduate,No,98794,316833,Yes,776,Rural,Good,30,No
LP002067,18,Male,Yes,4,Graduate,Yes,72405,416167,No,868,Rural,Good,11,Yes
LP002068,27,Male,No,1,Graduate,No,69005,799338,No,744,Rural,Good,43,No
LP002082,50,Male,Yes,1,Graduate,Yes,75771,537694,Yes,816,Semiurban,Good,36,No
LP002086,35,Female,Yes,5,Graduate,No,36742,970758,Yes,746,Urban,Good,42,Yes
LP002087,36,Female,No,0,Graduate,No,65075,134775,Yes,675,Urban,Good,5,No
LP002097,59,Male,No,3,Graduate,No,82338,523202,Yes,693,Urban,Good,44,No
LP002098,38,Male,No,0,Graduate,No,73432,440584,Yes,619,Semiurban,Medium,8,No
LP002100,27,Male,No,1,Graduate,No,98824,493434,Yes,801,Urban,Good,25,No
LP002101,41,Male,Yes,4,Graduate,,96013,982835,Yes,731,Urban,Good,35,No
LP002103,57,,Yes,3,Graduate,Yes,62814,448524,Yes,879,Urban,Good,33,No
LP002106,53,Male,Yes,2,Graduate,Yes,63503,706402,Yes,650,Semiurban,Medium,20,No
LP002110,60,Male,Yes,1,Graduate,,59261,335320,Yes,847,Rural,Good,6,No
LP002112,18,Male,Yes,5,Graduate,Yes,52451,456262,Yes,664,Rural,Good,17,No
LP002113,34,Female,No,2,Not Graduate,No,48222,374956,No,494,Urban,Medium,10,Yes
LP002114,33,Female,No,0,Graduate,No,33487,158169,Yes,872,Semiurban,Good,36,No
LP002115,56,Male,Yes,3,Not Graduate,No,51193,229631,Yes,336,Rural,Bad,13,Yes
LP002116,56,Female,No,4,Graduate,No,61448,941459,Yes,702,Rural,Good,43,Yes
LP002119,52,Male,Yes,3,Not Graduate,No,23675,476824,Yes,688,Urban,Good,28,No
LP002126,56,Male,Yes,4,Not Graduate,No,90495,603124,Yes,895,Semiurban,Good,40,No
LP002128,59,Male,Yes,4,Graduate,,90967,952358,Yes,812,Rural,Good,17,No
LP002129,42,Male,Yes,1,Graduate,No,47186,538948,Yes,833,Semiurban,Good,10,No
LP002130,41,Male,Yes,4,Not Graduate,No,38507,483705,No,346,Rural,Bad,38,Yes
LP002131,55,Male,Yes,4,Not Graduate,No,60739,339446,Yes,729,Urban,Good,6,No
LP002137,34,Male,Yes,1,Graduate,No,82455,957194,Yes,655,Semiurban,Good,29,No
LP002138,21,Male,Yes,2,Graduate,No,33070,682534,Yes,723,Rural,Good,47,No
LP002139,19,Male,Yes,2,Graduate,No,68098,615511,Yes,620,Semiurban,Medium,37,No
LP002140,59,Male,No,4,Graduate,No,38286,904855,Yes,639,Rural,Medium,8,Yes
LP002141,56,Male,Yes,3,Graduate,No,83810,862496,Yes,711,Rural,Good,11,No
LP002142,50,Female,Yes,1,Graduate,Yes,62828,204688,No,702,Rural,Good,6,Yes
LP002143,31,Female,Yes,5,Graduate,No,77115,124599,Yes,805,Semiurban,Good,39,No
LP002144,58,Female,No,3,Graduate,No,63934,872197,Yes,674,Urban,Good,32,No
LP002149,57,Male,Yes,4,Graduate,No,21552,924951,Yes,830,Rural,Good,22,No
LP002151,53,Male,Yes,5,Graduate,No,59508,188602,Yes,363,Urban,Bad,33,Yes
LP002158,32,Male,Yes,1,Not Graduate,No,52276,579619,No,805,Urban,Good,19,Yes
LP002160,51,Male,Yes,0,Graduate,No,34235,800621,Yes,807,Semiurban,Good,19,No
LP002161,36,Female,No,5,Graduate,No,85231,289078,Yes,554,Semiurban,Medium,26,Yes
LP002170,54,Male,Yes,1,Graduate,No,92941,616095,Yes,692,Semiurban,Good,23,No
LP002175,18,Male,Yes,4,Graduate,No,54099,978597,Yes,686,Urban,Good,45,No
LP002178,57,Male,Yes,1,Graduate,No,48546,216341,Yes,777,Urban,Good,45,No
LP002180,37,Male,No,1,Graduate,Yes,21122,503023,Yes,846,Rural,Good,17,No
LP002181,25,Male,No,2,Not Graduate,No,35469,331621,Yes,372,Rural,Bad,12,Yes
LP002187,20,Male,No,2,Graduate,No,61147,420498,Yes,728,Semiurban,Good,45,Yes
LP002188,18,Male,No,1,Graduate,No,63798,619175,No,824,Rural,Good,34,Yes
LP002190,32,Male,Yes,0,Graduate,No,57346,582298,Yes,643,Semiurban,Medium,18,No
LP002191,32,Male,Yes,2,Graduate,No,27300,220977,Yes,875,Rural,Good,26,Yes
LP002194,52,Female,No,3,Graduate,Yes,68279,594478,Yes,688,Semiurban,Good,9,No
LP002197,42,Male,Yes,4,Graduate,No,87977,507531,Yes,836,Semiurban,Good,26,No
LP002201,22,Male,Yes,0,Graduate,Yes,36239,631384,Yes,624,Rural,Medium,17,No
LP002205,48,Male,No,3,Graduate,No,45632,573990,No,559,Urban,Medium,20,Yes
LP002209,56,Female,No,1,Graduate,,53287,804109,Yes,608,Urban,Medium,17,No
LP002211,31,Male,Yes,5,Graduate,No,93613,940289,Yes,628,Urban,Medium,46,No
LP002219,41,Male,Yes,3,Graduate,No,77225,186251,Yes,816,Rural,Good,29,No
LP002223,45,Male,Yes,1,Graduate,No,93313,403635,Yes,811,Semiurban,Good,8,No
LP002224,50,Male,No,2,Graduate,No,26480,555528,Yes,471,Urban,Medium,6,Yes
LP002225,59,Male,Yes,2,Graduate,No,60862,630604,Yes,609,Urban,Medium,26,No
LP002226,35,Male,Yes,5,Graduate,,22615,547278,Yes,650,Semiurban,Medium,17,No
LP002229,39,Male,No,1,Graduate,No,73988,219516,Yes,634,Semiurban,Medium,40,No
LP002231,33,Female,No,2,Graduate,No,42289,984490,Yes,753,Urban,Good,17,No
LP002234,42,Male,No,0,Graduate,Yes,23259,711905,Yes,873,Urban,Good,32,No
LP002236,41,Male,Yes,1,Graduate,No,40507,826347,Yes,386,Urban,Bad,13,Yes
LP002237,38,Male,No,3,Graduate,,41389,232118,Yes,702,Urban,Good,40,No
LP002239,53,Male,No,0,Not Graduate,No,37302,411594,Yes,844,Semiurban,Good,46,No
LP002243,40,Male,Yes,0,Not Graduate,No,85921,795790,No,737,Urban,Good,44,Yes
LP002244,30,Male,Yes,4,Graduate,No,77764,992418,Yes,898,Urban,Good,38,No
LP002250,22,Male,Yes,4,Graduate,No,31400,917616,Yes,684,Rural,Good,44,No
LP002255,57,Male,No,0,Graduate,No,89976,655741,Yes,818,Rural,Good,23,No
LP002262,44,Male,Yes,3,Graduate,No,36122,584707,Yes,897,Rural,Good,6,No
LP002263,51,Male,Yes,5,Graduate,No,71223,869911,Yes,835,Urban,Good,41,No
LP002265,32,Male,Yes,5,Not Graduate,No,47500,113498,Yes,818,Semiurban,Good,39,No
LP002266,54,Male,Yes,1,Graduate,No,58694,790459,Yes,657,Urban,Good,22,No
LP002272,31,Male,Yes,2,Graduate,No,74713,926881,Yes,705,Semiurban,Good,7,No
LP002277,42,Female,No,4,Graduate,No,64313,374723,No,787,Urban,Good,30,Yes
LP002281,18,Male,Yes,2,Graduate,No,21197,774510,Yes,752,Urban,Good,9,No
LP002284,58,Male,No,3,Not Graduate,No,91544,720913,Yes,630,Rural,Medium,37,No
LP002287,51,Female,No,5,Graduate,No,37746,342735,No,475,Semiurban,Medium,30,Yes
LP002288,42,Male,Yes,4,Not Graduate,No,98488,342152,No,845,Urban,Good,45,Yes
LP002296,32,Male,No,2,Not Graduate,No,99459,755401,Yes,415,Rural,Bad,23,Yes
LP002297,19,Male,No,4,Graduate,No,59428,616427,Yes,743,Semiurban,Good,12,No
LP002300,45,Female,No,2,Not Graduate,No,62841,942346,Yes,767,Semiurban,Good,25,No
LP002301,40,Female,No,3,Graduate,Yes,87583,590806,Yes,313,Rural,Bad,7,Yes
LP002305,34,Female,No,0,Graduate,No,98470,300988,Yes,666,Semiurban,Good,43,No
LP002308,21,Male,Yes,3,Not Graduate,No,33503,992119,Yes,666,Urban,Good,5,No
LP002314,49,Female,No,3,Not Graduate,No,76388,554511,Yes,734,Rural,Good,31,No
LP002315,50,Male,Yes,5,Graduate,No,92714,441620,No,884,Semiurban,Good,23,Yes
LP002317,52,Male,Yes,4,Graduate,No,87502,558481,No,404,Rural,Bad,13,Yes
LP002318,20,Female,No,2,Not Graduate,Yes,31025,757981,Yes,494,Semiurban,Medium,6,Yes
LP002319,57,Male,Yes,1,Graduate,,43882,639519,Yes,665,Urban,Good,43,No
LP002328,32,Male,Yes,2,Not Graduate,No,61571,575707,No,821,Rural,Good,35,Yes
LP002332,49,Male,Yes,1,Not Graduate,No,29456,724771,Yes,746,Rural,Good,5,No
LP002335,35,Female,Yes,2,Not Graduate,No,91211,497628,No,622,Semiurban,Medium,32,Yes
LP002337,27,Female,No,0,Graduate,No,70455,133011,Yes,624,Urban,Medium,31,No
LP002341,49,Female,No,0,Graduate,No,96373,467772,Yes,843,Urban,Good,35,Yes
LP002342,44,Male,Yes,4,Graduate,Yes,53641,691176,Yes,800,Urban,Good,8,Yes
LP002345,38,Male,Yes,3,Graduate,No,61845,276640,Yes,601,Rural,Medium,31,No
LP002347,37,Male,Yes,0,Graduate,No,92384,361642,Yes,712,Semiurban,Good,30,No
LP002348,20,Male,Yes,2,Graduate,No,57934,894382,Yes,797,Rural,Good,46,No
LP002357,51,Female,No,0,Not Graduate,No,74363,270307,No,698,Urban,Good,20,Yes
LP002361,34,Male,Yes,2,Graduate,No,39763,485228,Yes,632,Urban,Medium,28,No
LP002362,27,Male,Yes,5,Graduate,No,38800,722448,No,538,Urban,Medium,9,Yes
LP002364,21,Male,Yes,4,Graduate,No,90040,296459,Yes,735,Semiurban,Good,27,No
LP002366,30,Male,Yes,2,Graduate,No,85012,530883,Yes,730,Rural,Good,39,No
LP002367,33,Female,No,4,Not Graduate,No,34188,837315,Yes,750,Rural,Good,22,Yes
LP002368,24,Male,Yes,4,Graduate,No,48881,159891,Yes,899,Semiurban,Good,45,No
LP002369,56,Male,Yes,2,Graduate,No,26784,996208,Yes,669,Rural,Good,32,No
LP002370,41,Male,No,2,Not Graduate,No,98982,467860,Yes,629,Urban,Medium,37,No
LP002377,58,Female,No,1,Graduate,Yes,35958,139922,Yes,825,Semiurban,Good,27,No
LP002379,19,Male,No,1,Graduate,No,39656,833457,No,828,Rural,Good,28,Yes
LP002386,47,Male,No,5,Graduate,,99077,788568,Yes,672,Semiurban,Good,47,No
LP002387,35,Male,Yes,1,Graduate,No,63664,841160,Yes,802,Semiurban,Good,46,No
LP002390,35,Male,No,0,Graduate,No,94086,201433,Yes,730,Urban,Good,35,No
LP002393,56,Female,,5,Graduate,No,39985,110481,Yes,861,Semiurban,Good,43,No
LP002398,53,Male,No,0,Graduate,No,24883,500745,Yes,808,Semiurban,Good,11,No
LP002401,28,Male,Yes,4,Graduate,No,56445,397237,Yes,717,Urban,Good,29,No
LP002403,36,Male,No,4,Graduate,Yes,97275,387994,No,345,Urban,Bad,29,Yes
LP002407,51,Female,Yes,1,Not Graduate,Yes,72451,760632,Yes,895,Rural,Good,5,No
LP002408,39,Male,No,5,Graduate,No,75654,919831,Yes,711,Semiurban,Good,8,No
LP002409,51,Male,Yes,1,Graduate,No,34043,989778,Yes,689,Rural,Good,25,No
LP002418,30,Male,No,3,Not Graduate,No,29374,490946,Yes,613,Semiurban,Medium,37,No
LP002422,20,Male,No,3,Graduate,No,26322,863708,Yes,782,Semiurban,Good,19,No
LP002424,55,Male,Yes,3,Graduate,No,88773,579376,Yes,737,Rural,Good,35,No
LP002429,40,Male,Yes,5,Graduate,Yes,34403,844866,Yes,814,Rural,Good,20,No
LP002434,26,Male,Yes,2,Not Graduate,No,80153,347734,Yes,672,Rural,Good,37,No
LP002435,47,Male,Yes,1,Graduate,,85357,362761,Yes,667,Rural,Good,45,Yes
LP002443,57,Male,Yes,2,Graduate,No,42817,138872,No,432,Rural,Bad,20,Yes
LP002444,47,Male,No,5,Not Graduate,Yes,87918,373362,Yes,684,Semiurban,Good,12,Yes
LP002446,36,Male,Yes,2,Not Graduate,No,93388,531357,No,459,Rural,Medium,34,Yes
LP002447,25,Male,Yes,3,Not Graduate,No,41198,611262,Yes,626,Urban,Medium,32,No
LP002448,58,Male,Yes,1,Graduate,No,66490,478724,No,743,Rural,Good,42,Yes
LP002449,18,Male,Yes,4,Graduate,No,30559,711302,No,604,Rural,Medium,23,No
LP002453,23,Male,No,3,Graduate,Yes,36550,631585,Yes,603,Semiurban,Medium,7,No
LP002455,28,Male,Yes,3,Graduate,No,49803,808327,Yes,832,Semiurban,Good,22,No
LP002459,24,Male,Yes,3,Graduate,No,36259,916353,Yes,660,Urban,Good,32,No
LP002467,21,Male,Yes,5,Graduate,No,34229,866491,Yes,467,Urban,Medium,9,Yes
LP002472,31,Male,No,0,Graduate,No,63866,303409,Yes,738,Rural,Good,48,No
LP002473,56,Male,Yes,2,Graduate,No,27623,321635,Yes,735,Semiurban,Good,37,Yes
LP002478,54,,Yes,4,Graduate,Yes,95182,316114,Yes,676,Semiurban,Good,17,No
LP002484,34,Male,Yes,5,Graduate,No,74805,871976,Yes,606,Urban,Medium,45,No
LP002487,49,Male,Yes,3,Graduate,No,59359,448699,Yes,703,Rural,Good,20,No
LP002489,48,Female,No,3,Not Graduate,,41701,164896,Yes,782,Semiurban,Good,13,No
LP002493,41,Male,No,3,Graduate,No,70413,464151,No,783,Semiurban,Good,19,Yes
LP002494,59,Male,No,2,Graduate,No,72248,939958,Yes,761,Rural,Good,40,No
LP002500,50,Male,Yes,2,Not Graduate,No,69364,490067,No,602,Urban,Medium,5,Yes
LP002501,59,,Yes,0,Graduate,No,72273,517551,Yes,603,Semiurban,Medium,15,No
LP002502,34,Female,Yes,1,Not Graduate,,63021,790717,Yes,703,Semiurban,Good,30,No
LP002505,21,Male,Yes,4,Graduate,No,38755,224207,Yes,473,Urban,Medium,40,Yes
LP002515,54,Male,Yes,0,Graduate,Yes,40632,632342,Yes,684,Semiurban,Good,25,No
LP002517,29,Male,Yes,0,Not Graduate,No,48152,800956,No,605,Rural,Medium,17,Yes
LP002519,24,Male,Yes,5,Graduate,No,64797,206814,Yes,603,Semiurban,Medium,37,No
LP002522,36,Female,No,3,Graduate,Yes,30073,438200,Yes,723,Urban,Good,28,No
LP002524,50,Male,No,0,Graduate,No,91112,928361,Yes,872,Rural,Good,10,No
LP002527,33,Male,Yes,3,Graduate,Yes,58525,101336,Yes,615,Rural,Medium,34,No
LP002529,32,Male,Yes,3,Graduate,No,66932,578971,Yes,649,Semiurban,Medium,23,No
LP002530,22,,Yes,0,Graduate,No,44989,466541,No,797,Semiurban,Good,45,Yes
LP002531,30,Male,Yes,2,Graduate,Yes,42143,830199,Yes,766,Semiurban,Good,32,No
LP002533,55,Male,Yes,2,Graduate,No,41524,465413,Yes,703,Urban,Good,12,Yes
LP002534,22,Female,No,0,Not Graduate,No,92312,824380,Yes,746,Rural,Good,22,No
LP002536,25,Male,Yes,1,Not Graduate,No,92560,781782,Yes,601,Rural,Medium,40,No
LP002537,55,Male,Yes,3,Graduate,No,75215,883587,Yes,710,Semiurban,Good,5,No
LP002541,29,Male,Yes,2,Graduate,No,67346,483054,Yes,753,Semiurban,Good,16,No
LP002543,42,Male,Yes,1,Graduate,No,60045,360488,Yes,613,Semiurban,Medium,11,No
LP002544,51,Male,Yes,5,Not Graduate,No,69175,440017,Yes,821,Rural,Good,5,No
LP002545,22,Male,No,2,Graduate,No,76859,281763,No,587,Rural,Medium,6,Yes
LP002547,40,Male,Yes,0,Graduate,No,66943,924125,Yes,317,Urban,Bad,20,Yes
LP002555,41,Male,Yes,3,Graduate,Yes,61916,496945,Yes,857,Semiurban,Good,16,No
LP002556,32,Male,No,2,Graduate,No,31138,869656,Yes,432,Urban,Bad,45,Yes
LP002560,33,Male,No,3,Not Graduate,No,73920,190279,Yes,685,Semiurban,Good,37,No
LP002562,20,Male,Yes,3,Not Graduate,No,55666,831939,Yes,666,Urban,Good,40,No
LP002571,55,Male,No,0,Not Graduate,No,99372,999071,Yes,807,Rural,Good,28,No
LP002582,39,Female,No,1,Not Graduate,Yes,48833,190971,Yes,812,Semiurban,Good,46,No
LP002585,24,Male,Yes,2,Graduate,No,42229,691749,No,502,Rural,Medium,19,Yes
LP002586,56,Female,Yes,4,Graduate,No,34202,684791,Yes,793,Semiurban,Good,44,No
LP002587,48,Male,Yes,0,Not Graduate,No,48753,388287,Yes,846,Rural,Good,28,No
LP002588,24,Male,Yes,0,Graduate,No,76999,404569,Yes,816,Urban,Good,9,No
LP002600,26,Male,Yes,5,Graduate,Yes,59807,250557,Yes,620,Semiurban,Medium,30,No
LP002602,39,Male,No,2,Graduate,No,78961,296184,No,309,Rural,Bad,29,Yes
LP002603,23,Female,No,4,Graduate,No,43279,587678,Yes,840,Rural,Good,34,No
LP002606,55,Female,No,1,Graduate,No,90613,551393,Yes,656,Semiurban,Good,42,No
LP002615,42,Male,Yes,3,Graduate,No,54036,781183,Yes,805,Semiurban,Good,15,No
LP002618,48,Male,Yes,3,Not Graduate,No,78379,488264,Yes,534,Rural,Medium,28,Yes
LP002619,52,Male,Yes,5,Not Graduate,No,97522,183809,Yes,863,Semiurban,Good,24,No
LP002622,31,Male,Yes,2,Graduate,No,27417,799706,Yes,605,Rural,Medium,13,No
LP002624,30,Male,Yes,5,Graduate,No,97669,707597,Yes,694,Urban,Good,38,No
LP002625,33,,No,3,Graduate,No,76116,104466,Yes,585,Urban,Medium,39,Yes
LP002626,30,Male,Yes,2,Graduate,Yes,57856,876460,Yes,697,Urban,Good,12,No
LP002634,19,Female,No,3,Graduate,No,31935,532948,Yes,845,Urban,Good,18,No
LP002637,48,Male,No,1,Not Graduate,No,24829,791452,Yes,372,Rural,Bad,47,Yes
LP002640,41,Male,Yes,4,Graduate,No,30497,240547,Yes,896,Semiurban,Good,26,No
LP002643,31,Male,Yes,5,Graduate,No,99739,742179,Yes,765,Urban,Good,7,No
LP002648,48,Male,Yes,0,Graduate,No,63915,892062,Yes,574,Semiurban,Medium,28,Yes
LP002652,44,Male,No,0,Graduate,No,36715,457707,Yes,432,Rural,Bad,6,Yes
LP002659,41,Male,Yes,2,Graduate,No,24994,879881,Yes,606,Rural,Medium,10,No
LP002670,39,Female,Yes,5,Graduate,No,44288,650562,Yes,628,Semiurban,Medium,44,No
LP002682,58,Male,Yes,4,Not Graduate,No,91221,427331,No,386,Semiurban,Bad,7,Yes
LP002683,42,Male,No,2,Graduate,No,89248,832773,Yes,383,Semiurban,Bad,24,Yes
LP002684,42,Female,No,1,Not Graduate,No,27203,346006,Yes,453,Rural,Medium,39,Yes
LP002689,56,Male,Yes,3,Not Graduate,No,36578,625444,Yes,791,Semiurban,Good,48,No
LP002690,52,Male,No,0,Graduate,No,99364,593276,Yes,817,Semiurban,Good,44,No
LP002692,54,Male,Yes,2,Graduate,Yes,67927,618422,Yes,860,Rural,Good,30,No
LP002693,39,Male,Yes,0,Graduate,Yes,20831,654122,Yes,797,Rural,Good,44,No
LP002697,41,Male,No,0,Graduate,No,97810,683553,Yes,679,Semiurban,Good,40,Yes
LP002699,58,Male,Yes,4,Graduate,Yes,71892,591206,Yes,661,Rural,Good,24,No
LP002705,26,Male,Yes,1,Graduate,No,57091,928706,Yes,724,Semiurban,Good,34,No
LP002706,60,Male,Yes,0,Not Graduate,No,65610,452431,No,851,Semiurban,Good,23,No
LP002714,41,Male,No,2,Not Graduate,No,85221,868289,Yes,663,Semiurban,Good,46,No
LP002716,24,Male,No,4,Not Graduate,No,63953,718676,Yes,900,Semiurban,Good,38,No
LP002717,25,Male,Yes,0,Graduate,No,71602,161912,Yes,805,Rural,Good,23,No
LP002720,23,Male,Yes,5,Graduate,No,86987,801612,Yes,726,Urban,Good,40,No
LP002723,50,Male,No,2,Graduate,No,39432,224925,No,544,Rural,Medium,34,Yes
LP002729,42,Male,No,3,Graduate,No,67814,939669,Yes,528,Semiurban,Medium,8,Yes
LP002731,25,Female,No,2,Not Graduate,Yes,67912,897827,Yes,604,Urban,Medium,28,No
LP002732,35,Male,No,0,Not Graduate,,54167,222261,Yes,744,Rural,Good,17,No
LP002734,20,Male,Yes,3,Graduate,No,53548,581014,Yes,626,Urban,Medium,40,No
LP002738,37,Male,No,1,Graduate,No,60519,638328,Yes,850,Semiurban,Good,22,No
LP002739,36,Male,Yes,0,Not Graduate,No,99426,852506,Yes,415,Rural,Bad,46,Yes
LP002740,59,Male,Yes,0,Graduate,No,90291,301578,Yes,718,Rural,Good,43,No
LP002741,32,Female,Yes,4,Graduate,No,99219,633906,Yes,847,Semiurban,Good,19,No
LP002743,32,Female,No,1,Graduate,No,69887,122696,No,355,Semiurban,Bad,6,Yes
LP002753,30,Female,No,4,Graduate,,53413,185187,Yes,829,Semiurban,Good,5,No
LP002755,60,Male,Yes,0,Not Graduate,No,96186,502394,Yes,883,Urban,Good,36,No
LP002757,35,Female,Yes,0,Not Graduate,No,80249,977757,Yes,647,Semiurban,Medium,16,No
LP002767,47,Male,Yes,4,Graduate,No,43459,898688,Yes,818,Rural,Good,34,No
LP002768,51,Male,No,3,Not Graduate,No,24454,507337,Yes,634,Semiurban,Medium,23,Yes
LP002772,20,Male,No,5,Graduate,No,28956,312409,Yes,741,Rural,Good,7,No
LP002776,26,Female,No,1,Graduate,No,48876,362320,No,647,Semiurban,Medium,15,Yes
LP002777,46,Male,Yes,0,Graduate,No,33711,566979,Yes,712,Rural,Good,16,No
LP002778,34,Male,Yes,2,Graduate,Yes,53428,178666,No,329,Rural,Bad,40,Yes
LP002784,42,Male,Yes,0,Not Graduate,No,38792,272084,Yes,752,Rural,Good,44,No
LP002785,35,Male,Yes,5,Graduate,No,96880,302730,Yes,661,Urban,Good,46,No
LP002788,46,Male,Yes,5,Not Graduate,No,95576,147397,No,376,Urban,Bad,36,Yes
LP002789,44,Male,Yes,2,Graduate,No,97891,371491,No,600,Rural,Medium,33,Yes
LP002792,51,Male,Yes,4,Graduate,No,86798,777457,Yes,772,Semiurban,Good,48,No
LP002794,31,Female,No,0,Graduate,No,87384,750606,Yes,872,Urban,Good,48,No
LP002795,54,Male,Yes,3,Graduate,Yes,50689,504591,Yes,669,Semiurban,Good,12,No
LP002798,51,Male,Yes,0,Graduate,No,45380,929580,Yes,826,Semiurban,Good,43,No
LP002804,41,Female,Yes,0,Graduate,No,56303,534834,Yes,798,Semiurban,Good,47,No
LP002807,46,Male,Yes,3,Not Graduate,No,26290,833345,Yes,782,Semiurban,Good,27,No
LP002813,24,Female,Yes,5,Graduate,Yes,32353,242018,Yes,792,Semiurban,Good,35,No
LP002820,37,Male,Yes,3,Graduate,No,71290,488004,Yes,844,Rural,Good,46,No
LP002821,58,Male,No,5,Not Graduate,Yes,91754,144917,Yes,900,Semiurban,Good,32,No
LP002832,23,Male,Yes,5,Graduate,No,98821,146954,No,708,Urban,Good,28,Yes
LP002833,43,Male,Yes,2,Not Graduate,No,60881,717994,Yes,816,Rural,Good,11,No
LP002836,50,Male,No,3,Graduate,No,48386,178499,Yes,881,Urban,Good,45,No
LP002837,55,Male,Yes,5,Graduate,No,28837,617883,No,826,Rural,Good,39,Yes
LP002840,54,Female,No,5,Graduate,No,63563,282334,Yes,642,Urban,Medium,44,Yes
LP002841,40,Male,Yes,2,Graduate,No,40272,621145,No,540,Urban,Medium,40,Yes
LP002842,56,Male,Yes,1,Graduate,No,50716,864446,Yes,604,Urban,Medium,34,No
LP002847,54,Male,Yes,2,Graduate,No,39855,725726,No,576,Urban,Medium,36,Yes
LP002855,42,Male,Yes,1,Graduate,No,70751,611207,Yes,794,Urban,Good,20,No
LP002862,57,Male,Yes,4,Not Graduate,No,45791,611422,Yes,830,Semiurban,Good,7,Yes
LP002863,20,Male,Yes,0,Graduate,No,93418,506749,Yes,869,Semiurban,Good,13,Yes
LP002868,51,Male,Yes,4,Graduate,No,96023,380833,Yes,836,Urban,Good,37,No
LP002872,19,,Yes,5,Graduate,No,65228,156273,No,657,Semiurban,Good,12,Yes
LP002874,23,Male,No,0,Graduate,No,24121,347511,Yes,684,Urban,Good,26,No
LP002877,40,Male,Yes,5,Graduate,No,48200,727863,Yes,664,Rural,Good,8,No
LP002888,56,Male,No,0,Graduate,,95202,162264,Yes,896,Urban,Good,35,No
LP002892,18,Male,Yes,5,Graduate,No,80838,938560,Yes,820,Semiurban,Good,39,No
LP002893,28,Male,No,2,Graduate,No,58431,924213,Yes,691,Urban,Good,30,Yes
LP002894,40,Female,Yes,0,Graduate,No,33163,639936,Yes,730,Semiurban,Good,27,No
LP002898,30,Male,Yes,4,Graduate,No,50219,796931,Yes,308,Rural,Bad,21,Yes
LP002911,45,Male,Yes,2,Graduate,No,34187,661052,No,445,Rural,Bad,34,Yes
LP002912,51,Male,Yes,1,Graduate,No,45518,788240,Yes,597,Rural,Medium,23,Yes
LP002916,57,Male,Yes,0,Graduate,No,64782,355239,Yes,728,Urban,Good,12,No
LP002917,44,Female,No,0,Not Graduate,No,83145,208822,Yes,794,Semiurban,Good,28,No
LP002925,43,,No,5,Graduate,No,56742,750095,Yes,749,Semiurban,Good,26,No
LP002926,56,Male,Yes,0,Graduate,Yes,22173,687241,No,343,Semiurban,Bad,13,Yes
LP002928,43,Male,Yes,2,Graduate,No,25781,628750,Yes,646,Semiurban,Medium,11,No
LP002931,53,Male,Yes,4,Graduate,Yes,30791,442237,Yes,398,Semiurban,Bad,34,Yes
LP002933,47,,No,3,Graduate,Yes,73610,708892,Yes,827,Semiurban,Good,8,No
LP002936,40,Male,Yes,0,Graduate,No,61028,771651,Yes,601,Rural,Medium,44,No
LP002938,52,Male,Yes,4,Graduate,Yes,61707,290745,Yes,747,Urban,Good,6,No
LP002940,35,Male,No,5,Not Graduate,No,58650,263695,Yes,658,Rural,Good,14,No
LP002941,22,Male,Yes,0,Not Graduate,Yes,26686,744794,Yes,540,Rural,Medium,28,Yes
LP002943,39,Male,No,4,Graduate,No,86133,282330,No,684,Semiurban,Good,17,Yes
LP002945,22,Male,Yes,4,Graduate,Yes,81977,577978,Yes,743,Rural,Good,14,No
LP002948,28,Male,Yes,3,Graduate,No,22363,181494,Yes,841,Urban,Good,38,No
LP002949,54,Female,No,2,Graduate,,61869,217051,Yes,607,Urban,Medium,11,Yes
LP002950,33,Male,Yes,1,Not Graduate,,45912,721150,Yes,694,Rural,Good,47,No
LP002953,38,Male,Yes,5,Graduate,No,93970,338343,Yes,629,Urban,Medium,27,No
LP002958,21,Male,No,3,Graduate,No,98274,638438,Yes,642,Rural,Medium,10,No
LP002959,50,Female,Yes,2,Graduate,No,94642,311184,Yes,875,Semiurban,Good,15,No
LP002960,55,Male,Yes,4,Not Graduate,No,25059,723106,Yes,522,Urban,Medium,16,Yes
LP002961,47,Male,Yes,4,Graduate,No,44605,942151,Yes,695,Semiurban,Good,14,No
LP002964,36,Male,Yes,4,Not Graduate,No,34747,374750,Yes,707,Rural,Good,31,No
LP002974,35,Male,Yes,5,Graduate,No,88621,927686,Yes,610,Rural,Medium,23,No
LP002978,47,Female,No,3,Graduate,No,31364,785187,Yes,804,Rural,Good,24,No
LP002979,54,Male,Yes,2,Graduate,No,69163,872317,Yes,708,Rural,Good,38,No
LP002983,52,Male,Yes,0,Graduate,No,41947,909958,Yes,856,Urban,Good,6,No
LP002984,47,Male,Yes,1,Graduate,No,27246,942504,Yes,711,Urban,Good,39,No
LP002990,60,Female,No,0,Graduate,Yes,42631,149450,No,807,Semiurban,Good,45,Yes
LP001015,30,Male,Yes,5,Graduate,No,50634,394861,Yes,739,Urban,Good,38,No
LP001022,52,Male,Yes,3,Graduate,No,46411,991990,Yes,897,Urban,Good,40,No
LP001031,39,Male,Yes,1,Graduate,No,75534,663422,Yes,834,Urban,Good,32,No
LP001035,39,Male,Yes,0,Graduate,No,88932,460180,Yes,876,Urban,Good,20,No
LP001051,37,Male,No,3,Not Graduate,No,83020,731071,Yes,730,Urban,Good,5,Yes
LP001054,23,Male,Yes,3,Not Graduate,Yes,34658,150547,Yes,807,Urban,Good,27,No
LP001055,46,Female,No,5,Not Graduate,No,54742,312170,Yes,633,Semiurban,Medium,6,No
LP001056,47,Male,Yes,2,Not Graduate,No,73483,217780,No,686,Rural,Good,13,Yes
LP001059,59,Male,Yes,1,Graduate,,27136,503793,Yes,884,Urban,Good,47,No
LP001067,50,Male,No,5,Not Graduate,No,60634,269069,Yes,851,Semiurban,Good,31,No
LP001078,37,Male,No,3,Not Graduate,No,21238,974015,Yes,797,Urban,Good,24,No
LP001082,32,Male,Yes,5,Graduate,,81397,864553,Yes,761,Semiurban,Good,12,No
LP001083,20,Male,No,5,Graduate,No,65964,813087,Yes,664,Urban,Good,21,No
LP001094,34,Male,Yes,5,Graduate,,98020,884810,No,324,Semiurban,Bad,29,Yes
LP001096,20,Female,No,1,Graduate,No,71865,739588,Yes,838,Semiurban,Good,39,No
LP001099,38,Male,No,5,Graduate,No,56073,453562,Yes,831,Urban,Good,33,No
LP001105,41,Male,Yes,1,Graduate,No,53329,188509,Yes,701,Urban,Good,34,No
LP001107,60,Male,Yes,4,Graduate,No,89045,244076,Yes,784,Semiurban,Good,18,No
LP001108,42,Male,Yes,3,Graduate,No,31875,473032,Yes,671,Urban,Good,22,No
LP001115,60,Male,No,0,Graduate,No,22947,380416,Yes,841,Semiurban,Good,27,No
LP001121,30,Male,Yes,3,Not Graduate,No,73468,234542,Yes,839,Urban,Good,21,No
LP001124,43,Female,No,0,Not Graduate,No,63942,298814,Yes,863,Urban,Good,5,No
LP001128,53,,No,4,Graduate,No,98504,718178,Yes,798,Urban,Good,15,No
LP001135,20,Female,No,0,Not Graduate,No,54253,283302,Yes,802,Urban,Good,6,No
LP001149,22,Male,Yes,3,Graduate,No,85182,876845,Yes,649,Urban,Medium,27,No
LP001153,44,Male,No,3,Graduate,No,21630,680162,No,526,Rural,Medium,19,Yes
LP001163,60,Male,Yes,1,Graduate,No,82217,541174,Yes,725,Urban,Good,9,No
LP001169,55,Male,Yes,2,Graduate,No,21828,687403,Yes,618,Urban,Medium,45,No
LP001174,60,Male,Yes,2,Graduate,No,42739,758553,Yes,679,Semiurban,Good,13,No
LP001176,57,Male,No,3,Graduate,No,69495,763009,Yes,898,Urban,Good,30,No
LP001177,50,Female,No,1,Not Graduate,No,47915,264194,Yes,770,Semiurban,Good,6,No
LP001183,18,Male,Yes,3,Graduate,No,74223,191045,Yes,758,Urban,Good,23,No
LP001185,50,Male,No,1,Graduate,No,80354,970801,Yes,718,Semiurban,Good,45,No
LP001187,34,Male,Yes,4,Graduate,No,37057,651515,Yes,635,Urban,Medium,43,No
LP001190,23,Male,Yes,5,Graduate,No,34954,590012,Yes,762,Urban,Good,22,No
LP001203,56,Male,No,1,Graduate,No,36203,272439,No,718,Semiurban,Good,37,Yes
LP001208,53,Male,Yes,4,Graduate,,75145,923932,Yes,808,Urban,Good,11,No
LP001210,43,Male,Yes,2,Graduate,Yes,57368,321125,Yes,864,Urban,Good,29,No
LP001211,42,Male,No,5,Graduate,Yes,91362,557040,Yes,727,Urban,Good,7,No
LP001219,39,Male,No,4,Graduate,No,84896,699859,Yes,839,Urban,Good,46,No
LP001220,18,Male,Yes,1,Graduate,No,34290,928245,Yes,780,Urban,Good,19,No
LP001221,22,Female,No,2,Graduate,No,93313,856782,Yes,638,Urban,Medium,23,No
LP001226,44,Male,Yes,1,Not Graduate,No,70628,946189,Yes,722,Semiurban,Good,16,No
LP001230,46,Male,No,4,Graduate,No,85527,239461,Yes,887,Semiurban,Good,15,No
LP001231,60,Female,No,2,Graduate,No,33192,179746,Yes,706,Urban,Good,42,No
LP001232,48,Male,Yes,5,Graduate,No,58382,423980,Yes,706,Urban,Good,16,No
LP001237,24,Male,Yes,4,Not Graduate,No,26905,867905,Yes,890,Urban,Good,5,No
LP001242,43,Male,No,4,Not Graduate,No,61685,962390,Yes,849,Semiurban,Good,19,No
LP001268,55,Male,No,4,Graduate,No,74518,280452,Yes,694,Urban,Good,18,No
LP001270,47,Male,Yes,0,Not Graduate,Yes,91794,259412,Yes,791,Semiurban,Good,17,No
LP001284,48,Male,Yes,1,Graduate,No,30590,325658,Yes,741,Urban,Good,6,No
LP001287,36,,Yes,3,Not Graduate,No,48124,995372,Yes,655,Semiurban,Good,12,No
LP001291,20,Male,Yes,1,Graduate,No,40361,203352,Yes,722,Semiurban,Good,46,No
LP001298,45,Male,Yes,5,Graduate,No,79073,575608,Yes,772,Urban,Good,17,No
LP001312,34,Male,Yes,0,Not Graduate,Yes,38961,236878,Yes,691,Urban,Good,34,No
LP001313,51,Male,No,4,Graduate,No,22081,136984,No,616,Urban,Medium,12,Yes
LP001317,43,Female,No,5,Not Graduate,No,69539,523473,Yes,786,Rural,Good,9,No
LP001321,31,Male,Yes,5,Graduate,No,35576,143847,Yes,850,Semiurban,Good,20,No
LP001323,46,Female,Yes,5,Graduate,No,78496,409153,No,544,Semiurban,Medium,19,Yes
LP001324,52,Male,Yes,4,Graduate,No,83834,342178,Yes,726,Semiurban,Good,47,No
LP001332,38,Male,Yes,0,Not Graduate,No,31642,646143,Yes,786,Semiurban,Good,9,No
LP001335,45,Male,Yes,5,Graduate,Yes,69429,876068,Yes,773,Urban,Good,25,No
LP001338,45,Female,No,1,Graduate,No,43246,627708,Yes,683,Semiurban,Good,45,No
LP001347,21,Female,No,3,Graduate,No,84906,643514,No,794,Rural,Good,33,Yes
LP001348,47,Male,Yes,4,Not Graduate,No,22402,777448,Yes,805,Urban,Good,31,No
LP001351,56,Male,Yes,0,Graduate,No,60956,696503,Yes,852,Semiurban,Good,9,No
LP001352,36,Male,Yes,0,Not Graduate,No,39494,674004,No,759,Semiurban,Good,46,Yes
LP001358,34,Male,Yes,2,Graduate,No,84624,785356,No,868,Semiurban,Good,7,Yes
LP001359,42,Male,Yes,2,Graduate,No,35166,171593,Yes,685,Semiurban,Good,11,No
LP001361,51,Male,Yes,3,Graduate,No,62846,155251,No,456,Rural,Medium,14,Yes
LP001366,44,Female,No,4,Graduate,No,77888,237928,Yes,639,Semiurban,Medium,21,No
LP001368,52,Male,No,4,Graduate,No,55201,153713,Yes,783,Semiurban,Good,14,No
LP001375,53,Male,Yes,0,Graduate,,26163,807261,Yes,678,Urban,Good,25,No
LP001380,42,Male,Yes,1,Graduate,Yes,45254,982750,Yes,809,Rural,Good,18,No
LP001386,27,Male,Yes,1,Not Graduate,No,39551,639914,Yes,704,Semiurban,Good,41,No
LP001400,42,Male,No,5,Graduate,No,28390,106385,Yes,815,Urban,Good,35,No
LP001407,36,Male,Yes,1,Graduate,No,58045,793944,Yes,799,Urban,Good,28,No
LP001413,34,Male,No,2,Graduate,Yes,63606,597404,Yes,839,Rural,Good,10,No
LP001415,44,Male,Yes,1,Graduate,No,90008,869758,Yes,695,Semiurban,Good,31,No
LP001419,30,Female,Yes,4,Graduate,No,48981,233844,Yes,858,Urban,Good,32,No
LP001420,28,Male,Yes,5,Graduate,No,57865,666901,No,778,Urban,Good,40,Yes
LP001428,27,Male,Yes,0,Graduate,No,82063,293837,Yes,610,Urban,Medium,32,No
LP001445,34,Male,Yes,5,Not Graduate,No,70114,278423,No,515,Rural,Medium,10,Yes
LP001446,28,Male,Yes,1,Graduate,No,46529,204905,Yes,300,Rural,Bad,14,Yes
LP001450,54,Male,Yes,1,Graduate,No,79391,705355,No,310,Semiurban,Bad,41,Yes
LP001452,48,Male,Yes,1,Graduate,No,68079,101895,Yes,885,Rural,Good,22,No
LP001455,36,Male,Yes,2,Graduate,No,68610,382555,Yes,836,Urban,Good,17,No
LP001466,25,Male,No,5,Graduate,No,91245,316639,Yes,619,Semiurban,Medium,14,No
LP001471,37,Male,No,2,Not Graduate,No,93609,819206,Yes,705,Semiurban,Good,36,No
LP001472,45,Female,No,1,Graduate,,59783,569930,Yes,563,Rural,Medium,38,Yes
LP001475,20,Male,Yes,0,Graduate,Yes,52193,487782,Yes,723,Rural,Good,18,No
LP001483,30,Male,Yes,0,Graduate,No,63517,129611,Yes,701,Rural,Good,10,No
LP001486,46,Male,Yes,1,Graduate,No,72660,262066,Yes,773,Semiurban,Good,13,No
LP001490,49,Male,Yes,5,Not Graduate,No,50430,458472,Yes,870,Semiurban,Good,19,No
LP001496,55,Male,Yes,1,Graduate,No,42406,273850,No,568,Semiurban,Medium,24,Yes
LP001499,20,Female,Yes,3,Graduate,No,84871,473046,Yes,600,Semiurban,Medium,27,No
LP001500,58,Male,Yes,1,Graduate,No,34733,483700,Yes,651,Urban,Good,37,No
LP001501,59,Male,Yes,1,Graduate,No,67330,758238,Yes,801,Semiurban,Good,42,No
LP001517,23,Male,Yes,2,Graduate,No,47966,912642,Yes,891,Urban,Good,9,No
LP001527,18,Male,Yes,4,Graduate,No,20091,477162,Yes,872,Semiurban,Good,6,No
LP001534,20,Male,No,3,Graduate,No,52215,702018,Yes,747,Rural,Good,28,No
LP001542,38,Female,Yes,0,Graduate,No,73481,454658,No,411,Semiurban,Bad,21,Yes
LP001547,55,Male,Yes,0,Graduate,No,99130,672847,Yes,773,Urban,Good,29,No
LP001548,54,Male,Yes,5,Not Graduate,No,23042,556646,Yes,676,Rural,Good,36,No
LP001558,45,Male,No,4,Graduate,No,22390,607489,Yes,669,Semiurban,Good,16,No
LP001561,40,Female,Yes,1,Graduate,No,73244,791985,Yes,809,Semiurban,Good,34,No
LP001563,43,,No,4,Graduate,No,37941,525175,No,682,Urban,Good,42,Yes
LP001567,55,Male,Yes,5,Graduate,No,34543,557492,Yes,868,Rural,Good,32,No
LP001568,55,Male,Yes,5,Graduate,No,87366,128200,Yes,685,Semiurban,Good,42,No
LP001573,31,Male,Yes,3,Not Graduate,No,81731,562461,Yes,640,Urban,Medium,40,No
LP001584,25,Female,No,1,Graduate,Yes,66164,272374,Yes,848,Semiurban,Good,43,No
LP001587,32,Male,Yes,3,Graduate,No,67630,960809,Yes,615,Semiurban,Medium,36,No
LP001589,51,Female,No,1,Graduate,No,88090,240232,Yes,626,Urban,Medium,44,No
LP001591,18,Female,Yes,3,Graduate,No,64740,438113,Yes,745,Semiurban,Good,45,No
LP001599,51,Male,Yes,4,Graduate,No,81618,217663,Yes,837,Rural,Good,32,No
LP001601,38,Male,No,2,Graduate,No,23766,883266,Yes,677,Semiurban,Good,21,No
LP001607,54,Female,No,5,Not Graduate,No,68739,689178,Yes,421,Semiurban,Bad,40,Yes
LP001611,19,Male,Yes,4,Graduate,No,99268,169599,No,513,Rural,Medium,7,Yes
LP001613,45,Female,No,2,Graduate,No,65188,341390,No,890,Urban,Good,36,Yes
LP001622,45,Male,Yes,2,Graduate,No,77180,931248,No,363,Rural,Bad,36,Yes
LP001627,33,Male,No,1,Graduate,No,71631,719133,Yes,640,Urban,Medium,15,No
LP001650,38,Male,Yes,4,Graduate,No,53256,336285,Yes,800,Rural,Good,45,No
LP001651,21,Male,Yes,2,Graduate,No,35128,919741,Yes,853,Urban,Good,41,No
LP001652,28,Male,No,5,Graduate,No,92148,145015,No,593,Rural,Medium,28,Yes
LP001655,40,Female,No,0,Graduate,No,80787,401930,No,438,Urban,Bad,38,Yes
LP001660,31,Male,No,1,Graduate,No,69679,456041,Yes,712,Semiurban,Good,37,No
LP001662,25,Male,No,0,Graduate,No,91569,477618,No,569,Urban,Medium,8,Yes
LP001663,25,Male,Yes,5,Graduate,No,25103,762795,Yes,793,Urban,Good,21,No
LP001667,30,Male,No,0,Graduate,No,97862,966056,Yes,894,Urban,Good,6,No
LP001695,28,Male,Yes,1,Not Graduate,No,22746,473491,Yes,867,Semiurban,Good,12,No
LP001703,31,Male,Yes,1,Graduate,No,97847,649827,Yes,720,Urban,Good,36,No
LP001718,18,Male,No,2,Graduate,No,84956,147849,Yes,501,Rural,Medium,5,Yes
LP001728,37,Male,Yes,4,Graduate,Yes,73685,713454,Yes,614,Rural,Medium,45,No
LP001735,39,Female,No,1,Graduate,No,88975,385741,Yes,888,Urban,Good,6,No
LP001737,47,Male,No,1,Graduate,No,94347,276326,Yes,663,Urban,Good,18,No
LP001739,22,Male,Yes,1,Graduate,No,96540,816289,Yes,615,Urban,Medium,36,No
LP001742,26,Male,Yes,4,Graduate,No,69210,947236,Yes,662,Rural,Good,14,No
LP001757,44,Male,Yes,2,Graduate,No,64479,633877,Yes,748,Rural,Good,47,No
LP001769,56,,No,4,Graduate,No,64024,242203,Yes,714,Semiurban,Good,42,No
LP001771,33,Female,No,0,Graduate,No,75582,185773,Yes,653,Semiurban,Good,19,No
LP001785,40,Male,No,5,Graduate,No,69918,210672,No,506,Rural,Medium,6,Yes
LP001787,30,Male,Yes,4,Graduate,No,38848,583602,Yes,674,Rural,Good,26,No
LP001789,21,Male,Yes,5,Not Graduate,,84480,223927,No,408,Urban,Bad,48,Yes
LP001791,18,Male,Yes,3,Graduate,Yes,57052,403389,Yes,880,Semiurban,Good,21,No
LP001794,34,Male,Yes,2,Graduate,Yes,66503,115703,Yes,623,Rural,Medium,11,No
LP001797,53,Female,No,5,Graduate,No,58393,992305,Yes,733,Urban,Good,26,No
LP001815,18,Male,No,1,Not Graduate,No,80255,991814,Yes,773,Semiurban,Good,6,No
LP001817,27,Male,No,1,Not Graduate,Yes,21348,697616,No,475,Rural,Medium,31,Yes
LP001818,27,Male,Yes,3,Graduate,No,33691,199103,Yes,886,Semiurban,Good,7,No
LP001822,31,Male,No,3,Graduate,No,52153,124191,Yes,645,Urban,Medium,6,No
LP001827,25,Male,No,4,Graduate,No,69941,982801,Yes,860,Urban,Good,19,No
LP001831,23,Male,Yes,5,Graduate,No,54090,477080,Yes,671,Urban,Good,37,No
LP001842,49,Male,No,5,Graduate,No,66504,171142,Yes,854,Rural,Good,46,No
LP001853,29,Male,Yes,5,Not Graduate,No,76398,710243,No,863,Urban,Good,7,Yes
LP001855,50,Male,Yes,3,Graduate,No,38888,999893,Yes,692,Rural,Good,48,No
LP001857,54,Male,No,4,Not Graduate,Yes,45838,527912,Yes,618,Semiurban,Medium,33,No
LP001862,42,Male,Yes,4,Graduate,Yes,93625,481451,Yes,867,Urban,Good,31,No
LP001867,48,Male,Yes,3,Graduate,No,98875,950992,Yes,805,Rural,Good,10,Yes
LP001878,50,Male,No,4,Graduate,No,96683,186130,Yes,837,Semiurban,Good,42,No
LP001881,41,Male,Yes,4,Not Graduate,No,71253,210183,Yes,373,Rural,Bad,21,Yes
LP001886,35,Male,No,0,Graduate,No,29971,164882,Yes,721,Rural,Good,24,No
LP001906,29,Male,No,5,Graduate,,60336,980093,No,708,Semiurban,Good,13,Yes
LP001909,22,Male,No,4,Graduate,No,48621,332897,Yes,616,Urban,Medium,45,No
LP001911,18,Female,No,4,Graduate,No,91183,882607,Yes,788,Rural,Good,42,No
LP001921,58,Male,No,0,Graduate,No,36370,213157,Yes,712,Rural,Good,47,No
LP001923,26,Male,No,2,Not Graduate,No,52976,635168,No,541,Semiurban,Medium,15,Yes
LP001933,28,Male,No,3,Not Graduate,No,54014,474234,No,785,Urban,Good,35,Yes
LP001943,35,Male,Yes,2,Graduate,No,58986,643776,Yes,641,Urban,Medium,16,No
LP001950,47,Female,Yes,5,Graduate,,76385,309998,No,582,Semiurban,Medium,26,Yes
LP001959,57,Female,Yes,4,Graduate,No,32689,738073,Yes,622,Rural,Medium,6,Yes
LP001961,18,Female,No,4,Graduate,No,73062,643849,Yes,645,Rural,Medium,40,No
LP001973,53,Male,Yes,4,Not Graduate,No,40301,616987,Yes,698,Rural,Good,46,No
LP001975,39,Male,Yes,2,Graduate,No,57155,448730,Yes,574,Rural,Medium,14,Yes
LP001979,36,Male,No,5,Graduate,No,45871,763661,No,701,Urban,Good,8,Yes
LP001995,30,Male,Yes,0,Not Graduate,No,74862,994179,No,418,Rural,Bad,44,Yes
LP001999,38,Male,Yes,3,Graduate,,86438,770966,Yes,803,Rural,Good,16,No
LP002007,60,Male,Yes,0,Not Graduate,No,43310,608984,Yes,830,Urban,Good,18,No
LP002009,25,Female,No,2,Graduate,No,56296,580037,Yes,822,Rural,Good,48,No
LP002016,26,Male,Yes,1,Graduate,No,32427,358976,Yes,684,Rural,Good,6,No
LP002017,43,Male,Yes,2,Graduate,No,97077,395863,Yes,759,Urban,Good,42,No
LP002018,41,Male,Yes,4,Graduate,No,22604,293480,Yes,695,Semiurban,Good,46,No
LP002027,46,Male,Yes,1,Graduate,No,91739,287491,Yes,743,Semiurban,Good,21,No
LP002028,44,Male,Yes,3,Graduate,No,86301,510618,Yes,602,Urban,Medium,34,No
LP002042,26,Female,Yes,0,Graduate,No,81575,180754,Yes,803,Rural,Good,9,No
LP002045,34,Male,Yes,1,Graduate,No,45004,943229,Yes,655,Urban,Good,36,No
LP002046,50,Male,Yes,4,Not Graduate,No,90799,594422,Yes,675,Semiurban,Good,31,No
LP002047,31,Male,Yes,4,Not Graduate,No,80404,719425,Yes,823,Semiurban,Good,30,No
LP002056,38,Male,Yes,5,Graduate,No,58266,767821,Yes,605,Semiurban,Medium,21,No
LP002057,27,Male,Yes,1,Not Graduate,No,58962,869510,Yes,831,Rural,Good,38,No
LP002059,33,Male,Yes,1,Graduate,No,21723,145171,Yes,721,Rural,Good,30,No
LP002062,22,Female,Yes,1,Graduate,No,81390,408268,Yes,723,Rural,Good,5,No
LP002064,33,Male,No,5,Graduate,No,52304,547407,Yes,748,Urban,Good,22,No
LP002069,36,Male,Yes,2,Not Graduate,,32022,321165,No,767,Rural,Good,29,Yes
LP002070,34,Male,Yes,0,Not Graduate,No,66371,316277,No,708,Rural,Good,35,Yes
LP002077,49,Male,Yes,2,Graduate,No,62218,762439,Yes,844,Semiurban,Good,29,Yes
LP002083,49,Male,No,4,Graduate,Yes,22313,577781,Yes,667,Urban,Good,36,No
LP002090,34,Male,Yes,0,Graduate,No,38451,943676,No,667,Semiurban,Good,23,Yes
LP002096,19,Male,Yes,3,Not Graduate,No,78317,359809,Yes,791,Rural,Good,8,No
LP002099,19,Male,Yes,4,Graduate,No,38405,995474,No,717,Urban,Good,16,Yes
LP002102,59,Male,Yes,0,Graduate,Yes,41134,914354,Yes,757,Rural,Good,23,No
LP002105,39,Male,Yes,1,Graduate,Yes,51326,165360,Yes,875,Rural,Good,42,No
LP002107,49,Male,Yes,0,Not Graduate,No,80621,961064,Yes,753,Urban,Good,31,No
LP002111,46,Male,Yes,3,Graduate,No,24506,225596,Yes,823,Urban,Good,30,No
LP002117,38,Female,Yes,2,Graduate,No,70879,874776,Yes,688,Semiurban,Good,15,No
LP002118,28,Female,No,0,Graduate,No,71952,102144,Yes,638,Semiurban,Medium,13,No
LP002123,18,Male,Yes,5,Graduate,No,80398,294729,Yes,813,Semiurban,Good,18,No
LP002125,44,Male,Yes,5,Graduate,No,26565,380367,Yes,604,Semiurban,Medium,28,No
LP002148,58,Male,Yes,4,Graduate,No,47765,675439,Yes,658,Semiurban,Good,30,No
LP002152,46,Female,No,1,Graduate,No,64864,210769,Yes,871,Urban,Good,21,Yes
LP002165,46,,No,2,Not Graduate,No,45608,645905,Yes,735,Rural,Good,41,No
LP002167,26,Female,No,2,Graduate,No,31340,511486,Yes,723,Urban,Good,43,No
LP002168,41,Male,No,0,Graduate,No,44531,430358,No,702,Rural,Good,45,Yes
LP002172,29,Male,Yes,0,Graduate,Yes,45928,958927,Yes,613,Semiurban,Medium,9,No
LP002176,37,Male,No,1,Graduate,No,20807,577202,Yes,788,Rural,Good,7,No
LP002183,49,Male,Yes,3,Not Graduate,No,72829,231632,Yes,782,Rural,Good,42,No
LP002184,39,Male,Yes,0,Not Graduate,No,56094,591744,Yes,668,Urban,Good,18,No
LP002186,39,Male,Yes,5,Not Graduate,No,94005,236754,Yes,647,Semiurban,Medium,6,No
LP002192,60,Male,Yes,2,Graduate,No,95743,599722,Yes,664,Rural,Good,42,No
LP002195,50,Male,Yes,3,Graduate,Yes,80017,462439,Yes,655,Rural,Good,13,No
LP002208,33,Male,Yes,3,Graduate,No,70925,685791,Yes,714,Urban,Good,34,No
LP002212,23,Male,Yes,2,Graduate,No,56788,156835,Yes,680,Urban,Good,16,No
LP002240,50,Male,Yes,2,Not Graduate,No,28112,324962,Yes,682,Rural,Good,39,No
LP002245,48,Male,Yes,0,Not Graduate,No,53335,146078,Yes,803,Urban,Good,7,No
LP002253,45,Female,No,4,Graduate,No,20099,710074,Yes,683,Rural,Good,9,No
LP002256,25,Female,No,2,Graduate,Yes,78728,966560,No,843,Semiurban,Good,28,Yes
LP002257,44,Female,No,4,Graduate,No,54852,406774,Yes,786,Urban,Good,15,No
LP002264,57,Male,Yes,2,Graduate,No,88575,929917,Yes,672,Urban,Good,20,No
LP002270,52,Male,Yes,5,Graduate,No,52881,457408,Yes,762,Rural,Good,42,No
LP002279,21,Male,No,0,Graduate,No,58294,556507,Yes,617,Rural,Medium,47,No
LP002286,31,Male,Yes,4,Not Graduate,No,97799,119209,No,306,Urban,Bad,34,Yes
LP002294,34,Male,No,4,Graduate,No,30865,774286,Yes,686,Semiurban,Good,38,No
LP002298,41,,No,2,Graduate,Yes,72962,598260,Yes,810,Urban,Good,32,No
LP002306,49,Male,Yes,4,Graduate,No,20025,397130,Yes,892,Rural,Good,17,No
LP002310,57,Female,No,2,Graduate,No,54904,976174,Yes,736,Semiurban,Good,39,No
LP002311,35,Female,Yes,1,Graduate,No,25684,251272,Yes,601,Urban,Medium,26,No
LP002316,25,Male,No,3,Graduate,No,92202,714091,No,433,Urban,Bad,15,Yes
LP002321,33,Female,No,4,Graduate,No,50445,788225,No,498,Semiurban,Medium,38,Yes
LP002325,41,Male,Yes,1,Not Graduate,No,72402,726341,Yes,665,Rural,Good,16,No
LP002326,22,Male,Yes,5,Not Graduate,No,58272,495751,Yes,896,Semiurban,Good,13,No
LP002329,56,Male,No,5,Graduate,No,70250,697773,Yes,313,Urban,Bad,24,Yes
LP002333,43,Male,No,5,Not Graduate,No,82004,294513,Yes,745,Urban,Good,26,No
LP002339,57,Male,Yes,5,Graduate,No,58356,976839,No,474,Semiurban,Medium,23,Yes
LP002344,37,Male,Yes,1,Graduate,No,25798,554571,Yes,747,Semiurban,Good,21,No
LP002346,18,Male,Yes,4,Graduate,,89068,174776,No,418,Rural,Bad,24,Yes
LP002354,31,Female,No,0,Not Graduate,No,28968,103315,Yes,770,Semiurban,Good,45,No
LP002355,49,,Yes,5,Graduate,No,28636,709231,No,628,Semiurban,Medium,29,Yes
LP002358,26,Male,Yes,2,Graduate,Yes,23659,270585,Yes,782,Urban,Good,7,No
LP002360,56,Male,Yes,5,Graduate,No,58420,610660,Yes,636,Urban,Medium,40,No
LP002375,44,Male,Yes,0,Not Graduate,Yes,94114,825410,Yes,833,Semiurban,Good,28,No
LP002376,31,Male,No,1,Graduate,No,25258,469712,Yes,602,Rural,Medium,18,No
LP002383,29,Male,Yes,4,Graduate,No,23797,124931,No,424,Urban,Bad,31,Yes
LP002385,46,Male,Yes,4,Graduate,No,97912,868606,Yes,888,Semiurban,Good,11,No
LP002389,18,Female,No,4,Graduate,No,62848,692372,Yes,797,Semiurban,Good,5,No
LP002394,38,Male,Yes,0,Graduate,No,21015,899828,Yes,845,Urban,Good,46,No
LP002397,24,Female,Yes,0,Graduate,No,60944,611391,Yes,852,Urban,Good,19,No
LP002399,41,Male,No,2,Graduate,,70997,624114,No,482,Rural,Medium,35,Yes
LP002400,55,Female,Yes,4,Graduate,No,36432,834539,Yes,840,Rural,Good,45,No
LP002402,20,Male,Yes,5,Graduate,No,26933,318688,Yes,679,Urban,Good,6,No
LP002412,35,Male,Yes,3,Graduate,No,28670,534762,Yes,875,Rural,Good,33,No
LP002415,33,Female,No,4,Graduate,,91076,346287,Yes,765,Rural,Good,15,Yes
LP002417,32,Male,Yes,1,Not Graduate,No,50779,512626,Yes,832,Semiurban,Good,43,No
LP002420,29,Male,Yes,0,Graduate,No,93155,468362,Yes,893,Semiurban,Good,22,No
LP002425,35,Male,No,4,Graduate,No,45486,954744,Yes,895,Rural,Good,38,Yes
LP002433,19,Male,Yes,2,Graduate,No,23831,135859,Yes,715,Rural,Good,14,No
LP002440,54,Male,Yes,0,Graduate,No,41877,843083,Yes,855,Rural,Good,16,No
LP002441,54,Male,No,2,Graduate,No,40690,364592,Yes,640,Semiurban,Medium,26,No
LP002442,54,Female,Yes,1,Not Graduate,No,29479,510619,No,379,Urban,Bad,17,Yes
LP002445,52,Female,No,5,Not Graduate,No,74906,469214,Yes,689,Rural,Good,38,No
LP002450,33,Male,Yes,3,Graduate,No,89807,578667,No,799,Rural,Good,13,Yes
LP002471,50,Male,No,5,Graduate,No,54046,272018,Yes,893,Rural,Good,39,Yes
LP002476,28,Female,Yes,4,Not Graduate,No,30862,233588,Yes,680,Urban,Good,33,No
LP002482,51,Female,No,4,Graduate,Yes,24122,933829,Yes,751,Rural,Good,13,No
LP002485,31,Male,No,4,Graduate,No,51629,388902,Yes,653,Semiurban,Good,28,No
LP002495,21,Male,Yes,0,Graduate,No,56404,490674,No,376,Semiurban,Bad,45,Yes
LP002496,41,Female,No,4,Graduate,No,25878,458588,No,871,Semiurban,Good,29,Yes
LP002523,22,Male,Yes,1,Graduate,No,27982,862416,Yes,636,Semiurban,Medium,44,No
LP002542,35,Male,Yes,1,Graduate,,84092,575143,Yes,808,Urban,Good,20,No
LP002550,18,Female,No,0,Graduate,No,51747,620588,Yes,616,Semiurban,Medium,39,No
LP002551,30,Male,Yes,1,Not Graduate,,80297,740422,No,310,Semiurban,Bad,42,Yes
LP002553,23,,No,4,Graduate,No,95180,425901,Yes,738,Semiurban,Good,46,No
LP002554,46,Male,No,4,Graduate,No,63267,216267,Yes,819,Semiurban,Good,15,No
LP002561,30,Male,Yes,0,Graduate,No,94690,596006,Yes,796,Rural,Good,46,No
LP002566,32,Female,No,5,Graduate,No,95738,869641,Yes,814,Urban,Good,24,No
LP002568,56,Male,No,5,Not Graduate,No,25971,415766,Yes,703,Rural,Good,38,No
LP002570,60,Female,Yes,0,Graduate,No,89252,539753,Yes,807,Urban,Good,28,No
LP002572,55,Male,Yes,0,Graduate,,96516,542431,Yes,679,Urban,Good,28,No
LP002581,53,Male,Yes,1,Not Graduate,No,66608,311597,Yes,713,Rural,Good,30,No
LP002584,59,Male,No,2,Graduate,,47879,647721,Yes,770,Rural,Good,13,No
LP002592,22,Male,No,5,Graduate,No,88724,131670,Yes,873,Urban,Good,20,No
LP002593,35,Male,Yes,3,Graduate,No,26866,197623,Yes,711,Urban,Good,19,No
LP002599,38,Male,Yes,4,Graduate,No,71163,602306,Yes,666,Semiurban,Good,20,No
LP002604,33,Male,Yes,5,Graduate,No,41618,428685,Yes,680,Urban,Good,20,No
LP002605,53,Male,No,1,Not Graduate,No,60649,954177,Yes,561,Rural,Medium,48,Yes
LP002609,41,Female,Yes,0,Graduate,No,60788,135075,No,834,Urban,Good,42,Yes
LP002610,57,Male,Yes,4,Not Graduate,,36667,562685,Yes,826,Urban,Good,14,No
LP002612,49,Female,Yes,2,Graduate,No,49752,488571,Yes,836,Semiurban,Good,38,No
LP002614,53,,No,1,Graduate,No,98540,599301,Yes,698,Semiurban,Good,12,No
LP002630,18,Male,No,0,Not Graduate,,84090,937427,Yes,522,Rural,Medium,12,Yes
LP002635,28,Female,Yes,5,Not Graduate,No,32538,667519,Yes,644,Semiurban,Medium,17,No
LP002639,20,Male,Yes,1,Graduate,No,69552,330033,Yes,661,Rural,Good,24,No
LP002644,44,Male,Yes,4,Graduate,Yes,81559,618263,Yes,752,Urban,Good,20,No
LP002651,47,Male,Yes,3,Graduate,,61290,770135,No,532,Urban,Medium,29,Yes
LP002654,28,Female,No,5,Graduate,Yes,82079,519542,Yes,607,Rural,Medium,43,No
LP002657,56,,Yes,5,Not Graduate,Yes,29170,705859,Yes,853,Rural,Good,16,No
LP002711,46,Male,Yes,4,Graduate,No,33725,698557,Yes,771,Semiurban,Good,18,No
LP002712,57,Male,No,4,Not Graduate,No,62032,650599,Yes,780,Semiurban,Good,9,No
LP002721,29,Male,Yes,3,Graduate,Yes,98044,514905,Yes,700,Rural,Good,47,No
LP002735,43,Male,Yes,0,Not Graduate,No,20744,484332,Yes,653,Rural,Good,14,No
LP002744,58,Male,Yes,5,Graduate,No,74718,487542,Yes,879,Rural,Good,46,No
LP002745,30,Male,Yes,5,Graduate,No,52493,299701,Yes,891,Semiurban,Good,35,No
LP002746,53,Male,No,2,Graduate,No,67115,533764,Yes,678,Urban,Good,41,No
LP002747,49,Female,No,5,Graduate,No,30054,351494,No,327,Rural,Bad,6,Yes
LP002754,43,Male,No,5,Graduate,No,64352,890731,Yes,638,Urban,Medium,20,No
LP002759,59,Male,Yes,1,Graduate,No,98931,107193,Yes,718,Rural,Good,29,No
LP002760,38,Female,No,1,Graduate,No,51880,739027,Yes,729,Urban,Good,25,No
LP002766,53,Female,Yes,4,Graduate,No,80885,823274,Yes,735,Semiurban,Good,44,No
LP002769,42,Female,Yes,4,Graduate,No,37648,452299,Yes,710,Rural,Good,32,No
LP002774,42,Male,Yes,1,Not Graduate,No,58873,835054,No,793,Urban,Good,20,Yes
LP002775,37,,No,1,Not Graduate,No,96394,363004,Yes,605,Rural,Medium,32,No
LP002781,21,Male,No,3,Graduate,No,34739,926762,Yes,895,Urban,Good,9,No
LP002782,51,Male,Yes,4,Graduate,No,64888,255876,Yes,803,Rural,Good,9,No
LP002786,36,Female,Yes,2,Not Graduate,No,65036,441745,Yes,775,Urban,Good,25,No
LP002790,26,Male,Yes,3,Graduate,No,74384,351102,Yes,618,Urban,Medium,26,No
LP002791,47,Male,No,5,Graduate,,45477,130655,Yes,638,Semiurban,Medium,25,No
LP002793,45,Male,Yes,4,Graduate,No,53985,881765,Yes,709,Rural,Good,34,No
LP002802,24,Male,No,4,Graduate,No,29313,127392,No,618,Semiurban,Medium,36,Yes
LP002803,43,Male,Yes,3,Not Graduate,,91668,783811,Yes,884,Semiurban,Good,34,No
LP002805,60,Male,Yes,2,Graduate,No,32377,755903,Yes,705,Urban,Good,5,No
LP002806,32,Male,Yes,1,Graduate,Yes,20608,286455,Yes,736,Rural,Good,25,No
LP002816,51,Male,Yes,2,Graduate,No,40308,211040,Yes,615,Semiurban,Medium,13,No
LP002823,53,Male,Yes,0,Graduate,No,68319,207569,Yes,731,Rural,Good,11,No
LP002825,45,Male,Yes,3,Graduate,No,77117,553678,Yes,679,Urban,Good,17,No
LP002826,38,Female,Yes,1,Not Graduate,No,94983,445721,Yes,803,Urban,Good,22,No
LP002843,60,Female,Yes,5,Graduate,No,63654,959156,Yes,651,Semiurban,Good,35,No
LP002849,56,Male,Yes,3,Graduate,No,92066,127983,Yes,869,Semiurban,Good,34,No
LP002850,54,Male,No,3,Graduate,No,85336,497030,Yes,862,Urban,Good,47,No
LP002853,26,Female,No,2,Not Graduate,No,55781,685900,Yes,767,Urban,Good,34,No
LP002856,43,Male,Yes,3,Graduate,No,48963,683112,Yes,786,Urban,Good,42,No
LP002857,40,Male,Yes,4,Graduate,Yes,26986,988850,Yes,830,Rural,Good,36,No
LP002858,57,Female,No,2,Graduate,No,91401,777888,No,726,Rural,Good,7,Yes
LP002860,60,Male,Yes,4,Graduate,Yes,87284,238738,Yes,772,Semiurban,Good,26,No
LP002867,36,Male,No,0,Graduate,Yes,31196,588608,Yes,850,Rural,Good,19,No
LP002869,45,Male,Yes,4,Not Graduate,No,63617,421266,Yes,599,Rural,Medium,17,Yes
LP002870,33,Male,Yes,2,Graduate,No,30186,360509,Yes,654,Urban,Good,5,No
LP002876,41,Male,No,5,Graduate,No,37727,826661,Yes,894,Rural,Good,45,No
LP002878,48,Male,Yes,0,Graduate,No,49780,467549,Yes,607,Urban,Medium,39,No
LP002879,23,Male,Yes,4,Graduate,No,96201,996625,No,846,Rural,Good,22,Yes
LP002885,21,Male,No,5,Not Graduate,No,69111,684395,Yes,821,Urban,Good,5,No
LP002890,54,Male,Yes,1,Not Graduate,No,67004,330435,Yes,808,Urban,Good,42,No
LP002891,49,Male,Yes,4,Graduate,Yes,22457,147161,Yes,658,Rural,Good,42,No
LP002899,30,Male,Yes,2,Graduate,No,25599,139318,Yes,662,Rural,Good,44,No
LP002901,39,Male,No,0,Graduate,No,45040,427308,Yes,841,Rural,Good,36,No
LP002907,53,Male,Yes,4,Graduate,No,49994,450986,Yes,684,Urban,Good,16,No
LP002920,27,Male,Yes,1,Graduate,No,73832,387420,Yes,729,Rural,Good,7,No
LP002921,27,Male,Yes,2,Not Graduate,No,83570,407383,No,672,Semiurban,Good,20,No
LP002932,49,Male,Yes,4,Graduate,No,39891,104622,Yes,653,Urban,Good,32,No
LP002935,35,Male,Yes,4,Graduate,No,28189,698013,Yes,876,Urban,Good,10,No
LP002952,37,Male,No,4,Graduate,No,74662,686027,Yes,707,Urban,Good,43,No
LP002954,27,Male,Yes,5,Not Graduate,No,39246,470942,Yes,620,Rural,Medium,7,No
LP002962,18,Male,No,1,Graduate,No,31361,745134,Yes,885,Semiurban,Good,33,No
LP002965,58,Female,Yes,2,Graduate,No,70250,775798,Yes,716,Urban,Good,10,No
LP002969,45,Male,Yes,0,Graduate,No,76716,482646,Yes,739,Semiurban,Good,6,No
LP002971,28,Male,Yes,0,Not Graduate,Yes,91473,643710,Yes,631,Urban,Medium,36,No
LP002975,46,Male,Yes,2,Graduate,No,82832,191806,Yes,697,Urban,Good,16,No
LP002980,40,Male,No,0,Graduate,No,40912,160512,Yes,790,Semiurban,Good,5,No
LP002986,31,Male,Yes,4,Graduate,No,77945,817294,Yes,889,Rural,Good,28,Yes
LP002989,24,Male,No,2,Graduate,Yes,25808,789453,Yes,821,Rural,Good,15,No
